date,close,volume,symbol,name,stress_zscore,mom_pct
2021-03-16,68.38999938964844,27321,BZ=F,Brent Crude Oil,,
2021-03-17,68.0,37607,BZ=F,Brent Crude Oil,,
2021-03-18,63.279998779296875,61688,BZ=F,Brent Crude Oil,,
2021-03-19,64.52999877929688,54241,BZ=F,Brent Crude Oil,,
2021-03-22,64.62000274658203,29644,BZ=F,Brent Crude Oil,,
2021-03-23,60.790000915527344,43200,BZ=F,Brent Crude Oil,,
2021-03-24,64.41000366210938,36451,BZ=F,Brent Crude Oil,,
2021-03-25,61.95000076293945,27894,BZ=F,Brent Crude Oil,,
2021-03-26,64.56999969482422,23364,BZ=F,Brent Crude Oil,,
2021-03-29,64.9800033569336,18231,BZ=F,Brent Crude Oil,0.183,
2021-03-30,64.13999938964844,4695,BZ=F,Brent Crude Oil,-0.168,
2021-03-31,63.540000915527344,38444,BZ=F,Brent Crude Oil,-0.417,
2021-04-01,64.86000061035156,66715,BZ=F,Brent Crude Oil,0.192,
2021-04-05,62.150001525878906,37285,BZ=F,Brent Crude Oil,-1.04,
2021-04-06,62.7400016784668,44319,BZ=F,Brent Crude Oil,-0.717,
2021-04-07,63.15999984741211,42225,BZ=F,Brent Crude Oil,-0.491,
2021-04-08,63.20000076293945,32283,BZ=F,Brent Crude Oil,-0.454,
2021-04-09,62.95000076293945,29073,BZ=F,Brent Crude Oil,-0.563,
2021-04-12,63.279998779296875,36366,BZ=F,Brent Crude Oil,-0.377,
2021-04-13,63.66999816894531,26957,BZ=F,Brent Crude Oil,-0.162,
2021-04-14,66.58000183105469,35988,BZ=F,Brent Crude Oil,1.353,
2021-04-15,66.94000244140625,23442,BZ=F,Brent Crude Oil,1.435,-2.12
2021-04-16,66.7699966430664,24035,BZ=F,Brent Crude Oil,1.266,-1.81
2021-04-19,67.05000305175781,19740,BZ=F,Brent Crude Oil,1.326,5.96
2021-04-20,66.56999969482422,40194,BZ=F,Brent Crude Oil,1.036,3.16
2021-04-21,65.31999969482422,32764,BZ=F,Brent Crude Oil,0.394,1.08
2021-04-22,65.4000015258789,26722,BZ=F,Brent Crude Oil,0.426,7.58
2021-04-23,66.11000061035156,22397,BZ=F,Brent Crude Oil,0.775,2.64
2021-04-26,65.6500015258789,27250,BZ=F,Brent Crude Oil,0.521,5.97
2021-04-27,66.41999816894531,33604,BZ=F,Brent Crude Oil,0.904,2.87
2021-04-28,67.2699966430664,24119,BZ=F,Brent Crude Oil,1.299,3.52
2021-04-29,68.55999755859375,10592,BZ=F,Brent Crude Oil,1.838,6.89
2021-04-30,67.25,31012,BZ=F,Brent Crude Oil,1.133,5.84
2021-05-03,67.55999755859375,17852,BZ=F,Brent Crude Oil,1.24,4.16
2021-05-04,68.87999725341797,27613,BZ=F,Brent Crude Oil,1.78,10.83
2021-05-05,68.95999908447266,32004,BZ=F,Brent Crude Oil,1.715,9.91
2021-05-06,68.08999633789062,25171,BZ=F,Brent Crude Oil,1.261,7.81
2021-05-07,68.27999877929688,29163,BZ=F,Brent Crude Oil,1.3,8.04
2021-05-10,68.31999969482422,31833,BZ=F,Brent Crude Oil,1.273,8.53
2021-05-11,68.55000305175781,40504,BZ=F,Brent Crude Oil,1.329,8.33
2021-05-12,69.31999969482422,31702,BZ=F,Brent Crude Oil,1.6,8.87
2021-05-13,67.05000305175781,38726,BZ=F,Brent Crude Oil,0.591,0.71
2021-05-14,68.70999908447266,31042,BZ=F,Brent Crude Oil,1.286,2.64
2021-05-17,69.45999908447266,26662,BZ=F,Brent Crude Oil,1.551,4.03
2021-05-18,68.70999908447266,43138,BZ=F,Brent Crude Oil,1.193,2.48
2021-05-19,66.66000366210938,42607,BZ=F,Brent Crude Oil,0.309,0.14
2021-05-20,65.11000061035156,35448,BZ=F,Brent Crude Oil,-0.36,-0.32
2021-05-21,66.44000244140625,33829,BZ=F,Brent Crude Oil,0.221,1.59
2021-05-24,68.45999908447266,29400,BZ=F,Brent Crude Oil,1.09,3.55
2021-05-25,68.6500015258789,20377,BZ=F,Brent Crude Oil,1.146,4.57
2021-05-26,68.87000274658203,21097,BZ=F,Brent Crude Oil,1.212,3.69
2021-05-27,69.45999908447266,6546,BZ=F,Brent Crude Oil,1.427,3.26
2021-05-28,69.62999725341797,31275,BZ=F,Brent Crude Oil,1.455,1.56
2021-06-01,70.25,39925,BZ=F,Brent Crude Oil,1.66,4.46
2021-06-02,71.3499984741211,22202,BZ=F,Brent Crude Oil,2.021,5.61
2021-06-03,71.30999755859375,25178,BZ=F,Brent Crude Oil,1.918,3.53
2021-06-04,71.88999938964844,24006,BZ=F,Brent Crude Oil,2.047,4.25
2021-06-07,71.48999786376953,21019,BZ=F,Brent Crude Oil,1.821,4.99
2021-06-08,72.22000122070312,29742,BZ=F,Brent Crude Oil,2.004,5.77
2021-06-09,72.22000122070312,31013,BZ=F,Brent Crude Oil,1.923,5.71
2021-06-10,72.5199966430664,37080,BZ=F,Brent Crude Oil,1.948,5.79
2021-06-11,72.69000244140625,36538,BZ=F,Brent Crude Oil,1.929,4.86
2021-06-14,72.86000061035156,25816,BZ=F,Brent Crude Oil,1.911,8.67
2021-06-15,73.98999786376953,32191,BZ=F,Brent Crude Oil,2.182,7.68
2021-06-16,74.38999938964844,42294,BZ=F,Brent Crude Oil,2.203,7.1
2021-06-17,73.08000183105469,42085,BZ=F,Brent Crude Oil,1.738,6.36
2021-06-18,73.51000213623047,26417,BZ=F,Brent Crude Oil,1.809,10.28
2021-06-21,74.9000015258789,38734,BZ=F,Brent Crude Oil,2.135,15.04
2021-06-22,74.80999755859375,39381,BZ=F,Brent Crude Oil,2.028,12.6
2021-06-23,75.19000244140625,32883,BZ=F,Brent Crude Oil,2.055,9.83
2021-06-24,75.55999755859375,26664,BZ=F,Brent Crude Oil,2.075,10.07
2021-06-25,76.18000030517578,31417,BZ=F,Brent Crude Oil,2.154,10.61
2021-06-28,74.68000030517578,27711,BZ=F,Brent Crude Oil,1.708,7.52
2021-06-29,74.76000213623047,4089,BZ=F,Brent Crude Oil,1.683,7.37
2021-06-30,75.12999725341797,33596,BZ=F,Brent Crude Oil,1.73,6.95
2021-07-01,75.83999633789062,52210,BZ=F,Brent Crude Oil,1.854,6.29
2021-07-02,76.16999816894531,31167,BZ=F,Brent Crude Oil,1.878,6.82
2021-07-06,74.52999877929688,58679,BZ=F,Brent Crude Oil,1.445,3.67
2021-07-07,73.43000030517578,51166,BZ=F,Brent Crude Oil,1.159,2.71
2021-07-08,74.12000274658203,42366,BZ=F,Brent Crude Oil,1.304,2.63
2021-07-09,75.55000305175781,31967,BZ=F,Brent Crude Oil,1.614,4.61
2021-07-12,75.16000366210938,32255,BZ=F,Brent Crude Oil,1.49,3.64
2021-07-13,76.48999786376953,32219,BZ=F,Brent Crude Oil,1.761,5.23
2021-07-14,74.76000213623047,49772,BZ=F,Brent Crude Oil,1.332,2.61
2021-07-15,73.47000122070312,41748,BZ=F,Brent Crude Oil,1.018,-0.7
2021-07-16,73.58999633789062,33536,BZ=F,Brent Crude Oil,1.033,-1.08
2021-07-19,68.62000274658203,58659,BZ=F,Brent Crude Oil,-0.127,-6.1
2021-07-20,69.3499984741211,43067,BZ=F,Brent Crude Oil,0.044,-5.66
2021-07-21,72.2300033569336,43341,BZ=F,Brent Crude Oil,0.719,-3.56
2021-07-22,73.79000091552734,34425,BZ=F,Brent Crude Oil,1.075,-1.36
2021-07-23,74.0999984741211,23724,BZ=F,Brent Crude Oil,1.126,-1.45
2021-07-26,74.5,31628,BZ=F,Brent Crude Oil,1.194,-1.4
2021-07-27,74.4800033569336,26028,BZ=F,Brent Crude Oil,1.165,-2.23
2021-07-28,74.73999786376953,20863,BZ=F,Brent Crude Oil,1.198,0.08
2021-07-29,76.05000305175781,9158,BZ=F,Brent Crude Oil,1.469,1.73
2021-07-30,76.33000183105469,27919,BZ=F,Brent Crude Oil,1.512,1.6
2021-08-02,72.88999938964844,38106,BZ=F,Brent Crude Oil,0.683,-3.89
2021-08-03,72.41000366210938,41458,BZ=F,Brent Crude Oil,0.552,-4.94
2021-08-04,70.37999725341797,44616,BZ=F,Brent Crude Oil,0.045,-5.57
2021-08-05,71.29000091552734,32444,BZ=F,Brent Crude Oil,0.253,-2.91
2021-08-06,70.69999694824219,35762,BZ=F,Brent Crude Oil,0.09,-4.61
2021-08-09,69.04000091552734,42738,BZ=F,Brent Crude Oil,-0.346,-8.62
2021-08-10,70.62999725341797,30525,BZ=F,Brent Crude Oil,0.043,-6.03
2021-08-11,71.44000244140625,34214,BZ=F,Brent Crude Oil,0.23,-6.6
2021-08-12,71.30999755859375,22952,BZ=F,Brent Crude Oil,0.175,-4.61
2021-08-13,70.58999633789062,26874,BZ=F,Brent Crude Oil,-0.043,-3.92
2021-08-16,69.51000213623047,33537,BZ=F,Brent Crude Oil,-0.371,-5.54
2021-08-17,69.02999877929688,29163,BZ=F,Brent Crude Oil,-0.542,0.6
2021-08-18,68.2300033569336,34264,BZ=F,Brent Crude Oil,-0.812,-1.61
2021-08-19,66.44999694824219,35816,BZ=F,Brent Crude Oil,-1.377,-8.0
2021-08-20,65.18000030517578,27104,BZ=F,Brent Crude Oil,-1.747,-11.67
2021-08-23,68.75,29582,BZ=F,Brent Crude Oil,-0.677,-7.22
2021-08-24,71.05000305175781,38685,BZ=F,Brent Crude Oil,0.009,-4.63
2021-08-25,72.25,32345,BZ=F,Brent Crude Oil,0.362,-2.99
2021-08-26,71.06999969482422,24373,BZ=F,Brent Crude Oil,-0.019,-4.91
2021-08-27,72.69999694824219,13316,BZ=F,Brent Crude Oil,0.475,-4.41
2021-08-30,73.41000366210938,3291,BZ=F,Brent Crude Oil,0.684,-3.83
2021-08-31,72.98999786376953,28933,BZ=F,Brent Crude Oil,0.531,0.14
2021-09-01,71.58999633789062,32339,BZ=F,Brent Crude Oil,0.049,-1.13
2021-09-02,73.02999877929688,30185,BZ=F,Brent Crude Oil,0.516,3.77
2021-09-03,72.61000061035156,27095,BZ=F,Brent Crude Oil,0.357,1.85
2021-09-07,71.69000244140625,35294,BZ=F,Brent Crude Oil,0.028,1.4
2021-09-08,72.5999984741211,31671,BZ=F,Brent Crude Oil,0.327,5.16
2021-09-09,71.44999694824219,35106,BZ=F,Brent Crude Oil,-0.093,1.16
2021-09-10,72.91999816894531,26654,BZ=F,Brent Crude Oil,0.415,2.07
2021-09-13,73.51000213623047,26510,BZ=F,Brent Crude Oil,0.61,3.09
2021-09-14,73.5999984741211,27690,BZ=F,Brent Crude Oil,0.626,4.26
2021-09-15,75.45999908447266,35197,BZ=F,Brent Crude Oil,1.27,8.56
2021-09-16,75.66999816894531,27363,BZ=F,Brent Crude Oil,1.316,9.62
2021-09-17,75.33999633789062,26771,BZ=F,Brent Crude Oil,1.171,10.42
2021-09-20,73.91999816894531,28251,BZ=F,Brent Crude Oil,0.64,11.24
2021-09-21,74.36000061035156,25140,BZ=F,Brent Crude Oil,0.783,14.08
2021-09-22,76.19000244140625,26605,BZ=F,Brent Crude Oil,1.426,10.82
2021-09-23,77.25,26832,BZ=F,Brent Crude Oil,1.764,8.73
2021-09-24,78.08999633789062,20417,BZ=F,Brent Crude Oil,2.006,8.08
2021-09-27,79.52999877929688,20799,BZ=F,Brent Crude Oil,2.449,11.9
2021-09-28,79.08999633789062,21656,BZ=F,Brent Crude Oil,2.266,8.79
2021-09-29,78.63999938964844,8319,BZ=F,Brent Crude Oil,2.067,7.12
2021-09-30,78.5199966430664,51076,BZ=F,Brent Crude Oil,1.969,7.58
2021-10-01,79.27999877929688,31697,BZ=F,Brent Crude Oil,2.172,10.74
2021-10-04,81.26000213623047,43286,BZ=F,Brent Crude Oil,2.741,11.27
2021-10-05,82.55999755859375,44439,BZ=F,Brent Crude Oil,3.004,13.7
2021-10-06,81.08000183105469,41389,BZ=F,Brent Crude Oil,2.412,13.1
2021-10-07,81.94999694824219,43830,BZ=F,Brent Crude Oil,2.566,12.88
2021-10-08,82.38999938964844,48729,BZ=F,Brent Crude Oil,2.571,15.31
2021-10-11,83.6500015258789,46216,BZ=F,Brent Crude Oil,2.787,14.71
2021-10-12,83.41999816894531,47351,BZ=F,Brent Crude Oil,2.585,13.48
2021-10-13,83.18000030517578,39594,BZ=F,Brent Crude Oil,2.406,13.02
2021-10-14,84.0,37348,BZ=F,Brent Crude Oil,2.502,11.32
2021-10-15,84.86000061035156,33044,BZ=F,Brent Crude Oil,2.589,12.14
2021-10-18,84.33000183105469,40153,BZ=F,Brent Crude Oil,2.35,11.93
2021-10-19,85.08000183105469,45141,BZ=F,Brent Crude Oil,2.417,15.1
2021-10-20,85.81999969482422,43107,BZ=F,Brent Crude Oil,2.469,15.41
2021-10-21,84.61000061035156,49004,BZ=F,Brent Crude Oil,2.113,11.05
2021-10-22,85.52999877929688,41174,BZ=F,Brent Crude Oil,2.224,10.72
2021-10-25,85.98999786376953,43061,BZ=F,Brent Crude Oil,2.229,10.12
2021-10-26,86.4000015258789,32042,BZ=F,Brent Crude Oil,2.221,8.64
2021-10-27,84.58000183105469,25643,BZ=F,Brent Crude Oil,1.797,6.94
2021-10-28,84.31999969482422,10576,BZ=F,Brent Crude Oil,1.696,7.22
2021-10-29,84.37999725341797,35155,BZ=F,Brent Crude Oil,1.661,7.46
2021-11-01,84.70999908447266,36245,BZ=F,Brent Crude Oil,1.677,6.85
2021-11-02,84.72000122070312,40105,BZ=F,Brent Crude Oil,1.636,4.26
2021-11-03,81.98999786376953,50062,BZ=F,Brent Crude Oil,1.104,-0.69
2021-11-04,80.54000091552734,72626,BZ=F,Brent Crude Oil,0.82,-0.67
2021-11-05,82.73999786376953,43130,BZ=F,Brent Crude Oil,1.201,0.96
2021-11-08,83.43000030517578,27655,BZ=F,Brent Crude Oil,1.3,1.26
2021-11-09,84.77999877929688,34996,BZ=F,Brent Crude Oil,1.507,1.35
2021-11-10,82.63999938964844,36273,BZ=F,Brent Crude Oil,1.101,-0.94
2021-11-11,82.87000274658203,31162,BZ=F,Brent Crude Oil,1.117,-0.37
2021-11-12,82.16999816894531,27167,BZ=F,Brent Crude Oil,0.973,-2.18
2021-11-15,82.05000305175781,32804,BZ=F,Brent Crude Oil,0.935,-3.31
2021-11-16,82.43000030517578,25767,BZ=F,Brent Crude Oil,0.982,-2.25
2021-11-17,80.27999877929688,38038,BZ=F,Brent Crude Oil,0.598,-5.64
2021-11-18,81.23999786376953,30490,BZ=F,Brent Crude Oil,0.751,-5.34
2021-11-19,78.88999938964844,44180,BZ=F,Brent Crude Oil,0.332,-6.76
2021-11-22,79.69999694824219,39085,BZ=F,Brent Crude Oil,0.462,-6.82
2021-11-23,82.30999755859375,41865,BZ=F,Brent Crude Oil,0.897,-4.28
2021-11-24,82.25,30734,BZ=F,Brent Crude Oil,0.867,-4.8
2021-11-26,72.72000122070312,29171,BZ=F,Brent Crude Oil,-0.819,-14.02
2021-11-29,73.44000244140625,12507,BZ=F,Brent Crude Oil,-0.691,-12.9
2021-11-30,70.56999969482422,77840,BZ=F,Brent Crude Oil,-1.184,-16.37
2021-12-01,68.87000274658203,56808,BZ=F,Brent Crude Oil,-1.456,-18.7
2021-12-02,69.66999816894531,81072,BZ=F,Brent Crude Oil,-1.297,-17.76
2021-12-03,69.87999725341797,43639,BZ=F,Brent Crude Oil,-1.241,-14.77
2021-12-06,73.08000183105469,32294,BZ=F,Brent Crude Oil,-0.687,-9.26
2021-12-07,75.44000244140625,34533,BZ=F,Brent Crude Oil,-0.282,-8.82
2021-12-08,75.81999969482422,31080,BZ=F,Brent Crude Oil,-0.223,-9.12
2021-12-09,74.41999816894531,27715,BZ=F,Brent Crude Oil,-0.468,-12.22
2021-12-10,75.1500015258789,24682,BZ=F,Brent Crude Oil,-0.354,-9.06
2021-12-13,74.38999938964844,27562,BZ=F,Brent Crude Oil,-0.494,-10.23
2021-12-14,73.69999694824219,31237,BZ=F,Brent Crude Oil,-0.622,-10.31
2021-12-15,73.87999725341797,29294,BZ=F,Brent Crude Oil,-0.606,-9.96
2021-12-16,75.0199966430664,26965,BZ=F,Brent Crude Oil,-0.417,-8.99
2021-12-17,73.5199966430664,26087,BZ=F,Brent Crude Oil,-0.69,-8.42
2021-12-20,71.5199966430664,36842,BZ=F,Brent Crude Oil,-1.046,-11.96
2021-12-21,73.9800033569336,27386,BZ=F,Brent Crude Oil,-0.619,-6.22
2021-12-22,75.29000091552734,28541,BZ=F,Brent Crude Oil,-0.4,-5.53
2021-12-23,76.8499984741211,27624,BZ=F,Brent Crude Oil,-0.135,-6.63
2021-12-27,78.5999984741211,15723,BZ=F,Brent Crude Oil,0.168,-4.44
2021-12-28,78.94000244140625,8523,BZ=F,Brent Crude Oil,0.211,8.55
2021-12-29,79.2300033569336,7057,BZ=F,Brent Crude Oil,0.244,7.88
2021-12-30,79.31999969482422,24512,BZ=F,Brent Crude Oil,0.244,12.4
2021-12-31,77.77999877929688,21740,BZ=F,Brent Crude Oil,-0.083,12.94
2022-01-03,78.9800033569336,27224,BZ=F,Brent Crude Oil,0.148,13.36
2022-01-04,80.0,31321,BZ=F,Brent Crude Oil,0.341,14.48
2022-01-05,80.80000305175781,35152,BZ=F,Brent Crude Oil,0.493,10.56
2022-01-06,81.98999786376953,41582,BZ=F,Brent Crude Oil,0.725,8.68
2022-01-07,81.75,29501,BZ=F,Brent Crude Oil,0.657,7.82
2022-01-10,80.87000274658203,30035,BZ=F,Brent Crude Oil,0.454,8.67
2022-01-11,83.72000122070312,37934,BZ=F,Brent Crude Oil,1.042,11.4
2022-01-12,84.66999816894531,32298,BZ=F,Brent Crude Oil,1.219,13.82
2022-01-13,84.47000122070312,27107,BZ=F,Brent Crude Oil,1.153,14.61
2022-01-14,86.05999755859375,31970,BZ=F,Brent Crude Oil,1.464,16.49
2022-01-18,87.51000213623047,45875,BZ=F,Brent Crude Oil,1.738,16.65
2022-01-19,88.44000244140625,37483,BZ=F,Brent Crude Oil,1.884,20.29
2022-01-20,88.37999725341797,30524,BZ=F,Brent Crude Oil,1.819,23.57
2022-01-21,87.88999938964844,29566,BZ=F,Brent Crude Oil,1.671,18.8
2022-01-24,86.2699966430664,34253,BZ=F,Brent Crude Oil,1.298,14.58
2022-01-25,88.19999694824219,29496,BZ=F,Brent Crude Oil,1.656,14.77
2022-01-26,89.95999908447266,29805,BZ=F,Brent Crude Oil,1.956,14.45
2022-01-27,89.33999633789062,15201,BZ=F,Brent Crude Oil,1.779,13.17
2022-01-28,90.02999877929688,10824,BZ=F,Brent Crude Oil,1.863,13.63
2022-01-31,91.20999908447266,33664,BZ=F,Brent Crude Oil,2.027,14.99
2022-02-01,89.16000366210938,36248,BZ=F,Brent Crude Oil,1.58,14.63
2022-02-02,89.47000122070312,38172,BZ=F,Brent Crude Oil,1.595,13.28
2022-02-03,91.11000061035156,33059,BZ=F,Brent Crude Oil,1.849,13.89
2022-02-04,93.2699966430664,33357,BZ=F,Brent Crude Oil,2.168,15.43
2022-02-07,92.69000244140625,37016,BZ=F,Brent Crude Oil,1.99,13.05
2022-02-08,90.77999877929688,39288,BZ=F,Brent Crude Oil,1.601,11.05
2022-02-09,91.55000305175781,34759,BZ=F,Brent Crude Oil,1.687,13.21
2022-02-10,91.41000366210938,43235,BZ=F,Brent Crude Oil,1.619,9.19
2022-02-11,94.44000244140625,53045,BZ=F,Brent Crude Oil,2.065,11.54
2022-02-14,96.4800033569336,48449,BZ=F,Brent Crude Oil,2.306,14.22
2022-02-15,93.27999877929688,45181,BZ=F,Brent Crude Oil,1.735,8.39
2022-02-16,94.80999755859375,45148,BZ=F,Brent Crude Oil,1.916,8.34
2022-02-17,92.97000122070312,38045,BZ=F,Brent Crude Oil,1.589,5.12
2022-02-18,93.54000091552734,42436,BZ=F,Brent Crude Oil,1.634,5.84
2022-02-22,96.83999633789062,59945,BZ=F,Brent Crude Oil,2.06,10.18
2022-02-23,96.83999633789062,33549,BZ=F,Brent Crude Oil,1.993,12.25
2022-02-24,99.08000183105469,21282,BZ=F,Brent Crude Oil,2.229,12.34
2022-02-25,97.93000030517578,7025,BZ=F,Brent Crude Oil,2.0,8.86
2022-02-28,100.98999786376953,38241,BZ=F,Brent Crude Oil,2.322,13.04
2022-03-01,104.97000122070312,56428,BZ=F,Brent Crude Oil,2.705,16.59
2022-03-02,112.93000030517578,59273,BZ=F,Brent Crude Oil,3.426,23.81
2022-03-03,110.45999908447266,37420,BZ=F,Brent Crude Oil,2.944,23.89
2022-03-04,118.11000061035156,34984,BZ=F,Brent Crude Oil,3.496,32.01
2022-03-07,123.20999908447266,29504,BZ=F,Brent Crude Oil,3.67,35.23
2022-03-08,127.9800033569336,38358,BZ=F,Brent Crude Oil,3.744,37.21
2022-03-09,111.13999938964844,42740,BZ=F,Brent Crude Oil,2.169,19.91
2022-03-10,109.33000183105469,30414,BZ=F,Brent Crude Oil,1.947,20.43
2022-03-11,112.66999816894531,18819,BZ=F,Brent Crude Oil,2.144,23.07
2022-03-14,106.9000015258789,19364,BZ=F,Brent Crude Oil,1.626,16.95
2022-03-15,99.91000366210938,26067,BZ=F,Brent Crude Oil,1.041,5.79
2022-03-16,98.0199966430664,18514,BZ=F,Brent Crude Oil,0.871,1.6
2022-03-17,106.63999938964844,15091,BZ=F,Brent Crude Oil,1.52,14.32
2022-03-18,107.93000030517578,10489,BZ=F,Brent Crude Oil,1.579,13.84
2022-03-21,115.62000274658203,11620,BZ=F,Brent Crude Oil,2.097,24.36
2022-03-22,115.4800033569336,14222,BZ=F,Brent Crude Oil,2.013,23.46
2022-03-23,121.5999984741211,14286,BZ=F,Brent Crude Oil,2.359,25.57
2022-03-24,119.02999877929688,12778,BZ=F,Brent Crude Oil,2.094,22.91
2022-03-25,120.6500015258789,14026,BZ=F,Brent Crude Oil,2.124,21.77
2022-03-28,112.4800033569336,15212,BZ=F,Brent Crude Oil,1.523,14.86
2022-03-29,110.2300033569336,7152,BZ=F,Brent Crude Oil,1.338,9.15
2022-03-30,113.44999694824219,4472,BZ=F,Brent Crude Oil,1.513,8.08
2022-03-31,107.91000366210938,22850,BZ=F,Brent Crude Oil,1.12,-4.45
2022-04-01,104.38999938964844,17144,BZ=F,Brent Crude Oil,0.867,-5.5
2022-04-04,107.52999877929688,18406,BZ=F,Brent Crude Oil,1.052,-8.96
2022-04-05,106.63999938964844,15613,BZ=F,Brent Crude Oil,0.972,-13.45
2022-04-06,101.06999969482422,20212,BZ=F,Brent Crude Oil,0.59,-21.03
2022-04-07,100.58000183105469,19577,BZ=F,Brent Crude Oil,0.542,-9.5
2022-04-08,102.77999877929688,16735,BZ=F,Brent Crude Oil,0.671,-5.99
2022-04-11,98.4800033569336,23852,BZ=F,Brent Crude Oil,0.365,-12.59
2022-04-12,104.63999938964844,22697,BZ=F,Brent Crude Oil,0.767,-2.11
2022-04-13,108.77999877929688,22260,BZ=F,Brent Crude Oil,1.032,8.88
2022-04-14,111.69999694824219,17418,BZ=F,Brent Crude Oil,1.21,13.96
2022-04-18,113.16000366210938,13187,BZ=F,Brent Crude Oil,1.283,6.11
2022-04-19,107.25,18972,BZ=F,Brent Crude Oil,0.851,-0.63
2022-04-20,106.80000305175781,15985,BZ=F,Brent Crude Oil,0.801,-7.63
2022-04-21,108.33000183105469,13203,BZ=F,Brent Crude Oil,0.89,-6.19
2022-04-22,106.6500015258789,11040,BZ=F,Brent Crude Oil,0.752,-12.29
2022-04-25,102.31999969482422,15464,BZ=F,Brent Crude Oil,0.423,-14.04
2022-04-26,104.98999786376953,13279,BZ=F,Brent Crude Oil,0.601,-12.98
2022-04-27,105.31999969482422,8064,BZ=F,Brent Crude Oil,0.608,-6.37
2022-04-28,107.58999633789062,8567,BZ=F,Brent Crude Oil,0.762,-2.39
2022-04-29,109.33999633789062,32573,BZ=F,Brent Crude Oil,0.879,-3.62
2022-05-02,107.58000183105469,23606,BZ=F,Brent Crude Oil,0.726,-0.31
2022-05-03,104.97000122070312,23410,BZ=F,Brent Crude Oil,0.503,0.56
2022-05-04,110.13999938964844,21158,BZ=F,Brent Crude Oil,0.901,2.43
2022-05-05,110.9000015258789,26443,BZ=F,Brent Crude Oil,0.944,3.99
2022-05-06,112.38999938964844,23902,BZ=F,Brent Crude Oil,1.047,11.2
2022-05-09,105.94000244140625,28134,BZ=F,Brent Crude Oil,0.492,5.33
2022-05-10,102.45999908447266,25904,BZ=F,Brent Crude Oil,0.179,-0.31
2022-05-11,107.51000213623047,31560,BZ=F,Brent Crude Oil,0.598,9.17
2022-05-12,107.44999694824219,27037,BZ=F,Brent Crude Oil,0.576,2.69
2022-05-13,111.55000305175781,25050,BZ=F,Brent Crude Oil,0.926,2.55
2022-05-16,114.23999786376953,20871,BZ=F,Brent Crude Oil,1.152,2.27
2022-05-17,111.93000030517578,23254,BZ=F,Brent Crude Oil,0.921,-1.09
2022-05-18,109.11000061035156,21217,BZ=F,Brent Crude Oil,0.641,1.73
2022-05-19,112.04000091552734,26098,BZ=F,Brent Crude Oil,0.905,4.91
2022-05-20,112.55000305175781,16942,BZ=F,Brent Crude Oil,0.937,3.9
2022-05-23,113.41999816894531,20660,BZ=F,Brent Crude Oil,1.004,6.35
2022-05-24,113.55999755859375,20941,BZ=F,Brent Crude Oil,1.001,10.99
2022-05-25,114.02999877929688,12885,BZ=F,Brent Crude Oil,1.03,8.61
2022-05-26,117.4000015258789,11590,BZ=F,Brent Crude Oil,1.35,11.47
2022-05-27,119.43000030517578,4384,BZ=F,Brent Crude Oil,1.528,11.0
2022-05-31,122.83999633789062,41020,BZ=F,Brent Crude Oil,1.836,12.35
2022-06-01,116.29000091552734,21546,BZ=F,Brent Crude Oil,1.139,8.1
2022-06-02,117.61000061035156,22117,BZ=F,Brent Crude Oil,1.258,12.04
2022-06-03,119.72000122070312,11028,BZ=F,Brent Crude Oil,1.456,8.7
2022-06-06,119.51000213623047,16523,BZ=F,Brent Crude Oil,1.406,7.76
2022-06-07,120.56999969482422,20488,BZ=F,Brent Crude Oil,1.493,7.28
2022-06-08,123.58000183105469,21778,BZ=F,Brent Crude Oil,1.779,16.65
2022-06-09,123.06999969482422,21008,BZ=F,Brent Crude Oil,1.686,20.12
2022-06-10,122.01000213623047,26036,BZ=F,Brent Crude Oil,1.546,13.49
2022-06-13,122.2699966430664,21136,BZ=F,Brent Crude Oil,1.55,13.79
2022-06-14,121.16999816894531,27702,BZ=F,Brent Crude Oil,1.404,8.62
2022-06-15,118.51000213623047,22360,BZ=F,Brent Crude Oil,1.088,3.74
2022-06-16,119.80999755859375,24329,BZ=F,Brent Crude Oil,1.213,7.04
2022-06-17,113.12000274658203,26686,BZ=F,Brent Crude Oil,0.436,3.68
2022-06-21,114.6500015258789,22868,BZ=F,Brent Crude Oil,0.597,2.33
2022-06-22,111.73999786376953,33112,BZ=F,Brent Crude Oil,0.23,-0.72
2022-06-23,110.05000305175781,21806,BZ=F,Brent Crude Oil,0.002,-2.97
2022-06-24,113.12000274658203,13431,BZ=F,Brent Crude Oil,0.368,-0.39
2022-06-27,115.08999633789062,11252,BZ=F,Brent Crude Oil,0.602,0.93
2022-06-28,117.9800033569336,6673,BZ=F,Brent Crude Oil,0.963,0.49
2022-06-29,116.26000213623047,4346,BZ=F,Brent Crude Oil,0.721,-2.65
2022-06-30,114.80999755859375,24733,BZ=F,Brent Crude Oil,0.507,-6.54
2022-07-01,111.62999725341797,17090,BZ=F,Brent Crude Oil,0.037,-4.01
2022-07-05,102.7699966430664,43356,BZ=F,Brent Crude Oil,-1.272,-12.62
2022-07-06,100.69000244140625,28820,BZ=F,Brent Crude Oil,-1.587,-15.9
2022-07-07,104.6500015258789,22837,BZ=F,Brent Crude Oil,-1.032,-12.43
2022-07-08,107.0199966430664,20610,BZ=F,Brent Crude Oil,-0.695,-11.24
2022-07-11,107.0999984741211,17691,BZ=F,Brent Crude Oil,-0.688,-13.34
2022-07-12,99.48999786376953,22827,BZ=F,Brent Crude Oil,-1.79,-19.16
2022-07-13,99.56999969482422,22358,BZ=F,Brent Crude Oil,-1.73,-18.39
2022-07-14,99.0999984741211,27515,BZ=F,Brent Crude Oil,-1.747,-18.95
2022-07-15,101.16000366210938,19146,BZ=F,Brent Crude Oil,-1.421,-16.51
2022-07-18,106.2699966430664,20217,BZ=F,Brent Crude Oil,-0.663,-10.33
2022-07-19,107.3499984741211,21900,BZ=F,Brent Crude Oil,-0.492,-10.4
2022-07-20,106.91999816894531,23989,BZ=F,Brent Crude Oil,-0.552,-5.48
2022-07-21,103.86000061035156,26598,BZ=F,Brent Crude Oil,-0.993,-9.41
2022-07-22,103.19999694824219,17586,BZ=F,Brent Crude Oil,-1.081,-7.64
2022-07-25,105.1500015258789,14999,BZ=F,Brent Crude Oil,-0.807,-4.45
2022-07-26,104.4000015258789,20242,BZ=F,Brent Crude Oil,-0.945,-7.71
2022-07-27,106.62000274658203,11024,BZ=F,Brent Crude Oil,-0.605,-7.36
2022-07-28,107.13999938964844,6831,BZ=F,Brent Crude Oil,-0.524,-9.19
2022-07-29,110.01000213623047,24476,BZ=F,Brent Crude Oil,-0.076,-5.38
2022-08-01,100.02999877929688,25670,BZ=F,Brent Crude Oil,-1.564,-12.87
2022-08-02,100.54000091552734,17357,BZ=F,Brent Crude Oil,-1.458,-9.93
2022-08-03,96.77999877929688,22263,BZ=F,Brent Crude Oil,-1.97,-5.83
2022-08-04,94.12000274658203,21011,BZ=F,Brent Crude Oil,-2.29,-6.52
2022-08-05,94.91999816894531,16576,BZ=F,Brent Crude Oil,-2.091,-9.3
2022-08-08,96.6500015258789,17288,BZ=F,Brent Crude Oil,-1.786,-9.69
2022-08-09,96.30999755859375,20553,BZ=F,Brent Crude Oil,-1.778,-10.07
2022-08-10,97.4000015258789,29520,BZ=F,Brent Crude Oil,-1.586,-2.1
2022-08-11,99.5999984741211,20958,BZ=F,Brent Crude Oil,-1.267,0.03
2022-08-12,98.1500015258789,20095,BZ=F,Brent Crude Oil,-1.434,-0.96
2022-08-15,95.0999984741211,20714,BZ=F,Brent Crude Oil,-1.796,-5.99
2022-08-16,92.33999633789062,22549,BZ=F,Brent Crude Oil,-2.107,-13.11
2022-08-17,93.6500015258789,21011,BZ=F,Brent Crude Oil,-1.898,-12.76
2022-08-18,96.58999633789062,21327,BZ=F,Brent Crude Oil,-1.497,-9.66
2022-08-19,96.72000122070312,22212,BZ=F,Brent Crude Oil,-1.473,-6.87
2022-08-22,96.4800033569336,26974,BZ=F,Brent Crude Oil,-1.476,-6.51
2022-08-23,100.22000122070312,22624,BZ=F,Brent Crude Oil,-0.99,-4.69
2022-08-24,101.22000122070312,24490,BZ=F,Brent Crude Oil,-0.848,-3.05
2022-08-25,99.33999633789062,20704,BZ=F,Brent Crude Oil,-1.058,-6.83
2022-08-26,100.98999786376953,14241,BZ=F,Brent Crude Oil,-0.842,-5.74
2022-08-29,105.08999633789062,6048,BZ=F,Brent Crude Oil,-0.335,-4.47
2022-08-30,99.30999755859375,7116,BZ=F,Brent Crude Oil,-1.028,-0.72
2022-08-31,96.48999786376953,24672,BZ=F,Brent Crude Oil,-1.345,-4.03
2022-09-01,92.36000061035156,22870,BZ=F,Brent Crude Oil,-1.802,-4.57
2022-09-02,93.0199966430664,22869,BZ=F,Brent Crude Oil,-1.68,-1.17
2022-09-06,92.83000183105469,34757,BZ=F,Brent Crude Oil,-1.66,-2.2
2022-09-07,88.0,28966,BZ=F,Brent Crude Oil,-2.135,-8.95
2022-09-08,89.1500015258789,21562,BZ=F,Brent Crude Oil,-1.939,-7.43
2022-09-09,92.83999633789062,22448,BZ=F,Brent Crude Oil,-1.495,-4.68
2022-09-12,94.0,22758,BZ=F,Brent Crude Oil,-1.343,-5.62
2022-09-13,93.16999816894531,27762,BZ=F,Brent Crude Oil,-1.397,-5.07
2022-09-14,94.0999984741211,30880,BZ=F,Brent Crude Oil,-1.268,-1.05
2022-09-15,90.83999633789062,29483,BZ=F,Brent Crude Oil,-1.569,-1.62
2022-09-16,91.3499984741211,20652,BZ=F,Brent Crude Oil,-1.48,-2.46
2022-09-19,92.0,17627,BZ=F,Brent Crude Oil,-1.386,-4.75
2022-09-20,90.62000274658203,24688,BZ=F,Brent Crude Oil,-1.489,-6.31
2022-09-21,89.83000183105469,27621,BZ=F,Brent Crude Oil,-1.529,-6.89
2022-09-22,90.45999908447266,22375,BZ=F,Brent Crude Oil,-1.429,-9.74
2022-09-23,86.1500015258789,18951,BZ=F,Brent Crude Oil,-1.797,-14.89
2022-09-26,84.05999755859375,14034,BZ=F,Brent Crude Oil,-1.933,-15.38
2022-09-27,86.2699966430664,10008,BZ=F,Brent Crude Oil,-1.673,-14.58
2022-09-28,89.31999969482422,9937,BZ=F,Brent Crude Oil,-1.353,-15.01
2022-09-29,88.48999786376953,7456,BZ=F,Brent Crude Oil,-1.395,-10.9
2022-09-30,87.95999908447266,33026,BZ=F,Brent Crude Oil,-1.409,-8.84
2022-10-03,88.86000061035156,38251,BZ=F,Brent Crude Oil,-1.295,-3.79
2022-10-04,91.80000305175781,38971,BZ=F,Brent Crude Oil,-1.004,-1.31
2022-10-05,93.37000274658203,39563,BZ=F,Brent Crude Oil,-0.841,0.58
2022-10-06,94.41999816894531,26200,BZ=F,Brent Crude Oil,-0.727,7.3
2022-10-07,97.91999816894531,36871,BZ=F,Brent Crude Oil,-0.383,9.84
2022-10-10,96.19000244140625,24699,BZ=F,Brent Crude Oil,-0.531,3.61
2022-10-11,94.29000091552734,31431,BZ=F,Brent Crude Oil,-0.696,0.31
2022-10-12,92.44999694824219,29821,BZ=F,Brent Crude Oil,-0.856,-0.77
2022-10-13,94.56999969482422,32826,BZ=F,Brent Crude Oil,-0.631,0.5
2022-10-14,91.62999725341797,29344,BZ=F,Brent Crude Oil,-0.908,0.87
2022-10-17,91.62000274658203,23783,BZ=F,Brent Crude Oil,-0.898,0.3
2022-10-18,90.02999877929688,40941,BZ=F,Brent Crude Oil,-1.053,-2.14
2022-10-19,92.41000366210938,43364,BZ=F,Brent Crude Oil,-0.786,1.98
2022-10-20,92.37999725341797,40748,BZ=F,Brent Crude Oil,-0.778,2.84
2022-10-21,93.5,26861,BZ=F,Brent Crude Oil,-0.637,3.36
2022-10-24,93.26000213623047,28074,BZ=F,Brent Crude Oil,-0.651,8.25
2022-10-25,93.5199966430664,22553,BZ=F,Brent Crude Oil,-0.606,11.25
2022-10-26,95.69000244140625,15637,BZ=F,Brent Crude Oil,-0.313,10.92
2022-10-27,96.95999908447266,14677,BZ=F,Brent Crude Oil,-0.127,8.55
2022-10-28,95.7699966430664,12135,BZ=F,Brent Crude Oil,-0.266,8.23
2022-10-31,94.83000183105469,23096,BZ=F,Brent Crude Oil,-0.376,7.81
2022-11-01,94.6500015258789,21355,BZ=F,Brent Crude Oil,-0.382,6.52
2022-11-02,96.16000366210938,28689,BZ=F,Brent Crude Oil,-0.146,4.75
2022-11-03,94.66999816894531,21292,BZ=F,Brent Crude Oil,-0.343,1.39
2022-11-04,98.56999969482422,31256,BZ=F,Brent Crude Oil,0.303,4.4
2022-11-07,97.91999816894531,22568,BZ=F,Brent Crude Oil,0.24,0.0
2022-11-08,95.36000061035156,28901,BZ=F,Brent Crude Oil,-0.173,-0.86
2022-11-09,92.6500015258789,26729,BZ=F,Brent Crude Oil,-0.638,-1.74
2022-11-10,93.66999816894531,31486,BZ=F,Brent Crude Oil,-0.443,1.32
2022-11-11,95.98999786376953,23629,BZ=F,Brent Crude Oil,-0.011,1.5
2022-11-14,93.13999938964844,22959,BZ=F,Brent Crude Oil,-0.511,1.65
2022-11-15,93.86000061035156,30904,BZ=F,Brent Crude Oil,-0.359,2.44
2022-11-16,92.86000061035156,22376,BZ=F,Brent Crude Oil,-0.535,3.14
2022-11-17,89.77999877929688,29012,BZ=F,Brent Crude Oil,-1.097,-2.85
2022-11-18,87.62000274658203,34614,BZ=F,Brent Crude Oil,-1.467,-5.15
2022-11-21,87.44999694824219,39835,BZ=F,Brent Crude Oil,-1.462,-6.47
2022-11-22,88.36000061035156,23782,BZ=F,Brent Crude Oil,-1.275,-5.25
2022-11-23,85.41000366210938,27071,BZ=F,Brent Crude Oil,-1.81,-8.67
2022-11-25,83.62999725341797,12021,BZ=F,Brent Crude Oil,-2.114,-12.6
2022-11-28,83.19000244140625,12583,BZ=F,Brent Crude Oil,-2.137,-14.2
2022-11-29,83.02999877929688,12182,BZ=F,Brent Crude Oil,-2.105,-13.3
2022-11-30,85.43000030517578,23710,BZ=F,Brent Crude Oil,-1.625,-9.91
2022-12-01,86.87999725341797,23123,BZ=F,Brent Crude Oil,-1.327,-8.21
2022-12-02,85.56999969482422,23562,BZ=F,Brent Crude Oil,-1.572,-11.01
2022-12-05,82.68000030517578,25039,BZ=F,Brent Crude Oil,-2.128,-12.67
2022-12-06,79.3499984741211,26680,BZ=F,Brent Crude Oil,-2.798,-19.5
2022-12-07,77.16999816894531,26919,BZ=F,Brent Crude Oil,-3.06,-21.19
2022-12-08,76.1500015258789,33131,BZ=F,Brent Crude Oil,-3.075,-20.14
2022-12-09,76.0999984741211,24479,BZ=F,Brent Crude Oil,-2.903,-17.86
2022-12-12,77.98999786376953,23020,BZ=F,Brent Crude Oil,-2.443,-16.74
2022-12-13,80.68000030517578,30052,BZ=F,Brent Crude Oil,-1.906,-15.95
2022-12-14,82.69999694824219,27330,BZ=F,Brent Crude Oil,-1.518,-11.21
2022-12-15,81.20999908447266,26470,BZ=F,Brent Crude Oil,-1.72,-13.48
2022-12-16,79.04000091552734,24439,BZ=F,Brent Crude Oil,-2.014,-14.88
2022-12-19,79.80000305175781,19676,BZ=F,Brent Crude Oil,-1.836,-11.12
2022-12-20,79.98999786376953,19646,BZ=F,Brent Crude Oil,-1.755,-8.71
2022-12-21,82.19999694824219,17234,BZ=F,Brent Crude Oil,-1.363,-6.0
2022-12-22,80.9800033569336,16647,BZ=F,Brent Crude Oil,-1.519,-8.35
2022-12-23,83.91999816894531,8621,BZ=F,Brent Crude Oil,-1.031,-1.74
2022-12-27,84.33000183105469,7512,BZ=F,Brent Crude Oil,-0.945,0.84
2022-12-28,83.26000213623047,5384,BZ=F,Brent Crude Oil,-1.089,0.08
2022-12-29,82.26000213623047,20599,BZ=F,Brent Crude Oil,-1.218,-0.93
2022-12-30,85.91000366210938,19375,BZ=F,Brent Crude Oil,-0.627,0.56
2023-01-03,82.0999984741211,27559,BZ=F,Brent Crude Oil,-1.213,-5.5
2023-01-04,77.83999633789062,24772,BZ=F,Brent Crude Oil,-1.849,-9.03
2023-01-05,78.69000244140625,28051,BZ=F,Brent Crude Oil,-1.68,-4.83
2023-01-06,78.56999969482422,23767,BZ=F,Brent Crude Oil,-1.689,-0.98
2023-01-09,79.6500015258789,29985,BZ=F,Brent Crude Oil,-1.482,3.21
2023-01-10,80.0999984741211,21541,BZ=F,Brent Crude Oil,-1.376,5.19
2023-01-11,82.66999816894531,29995,BZ=F,Brent Crude Oil,-0.933,8.63
2023-01-12,84.02999877929688,29360,BZ=F,Brent Crude Oil,-0.693,7.74
2023-01-13,85.27999877929688,17857,BZ=F,Brent Crude Oil,-0.475,5.7
2023-01-17,85.91999816894531,36658,BZ=F,Brent Crude Oil,-0.365,3.89
2023-01-18,84.9800033569336,26461,BZ=F,Brent Crude Oil,-0.512,4.64
2023-01-19,86.16000366210938,28822,BZ=F,Brent Crude Oil,-0.306,9.01
2023-01-20,87.62999725341797,24374,BZ=F,Brent Crude Oil,-0.053,9.81
2023-01-23,88.19000244140625,21194,BZ=F,Brent Crude Oil,0.05,10.25
2023-01-24,86.12999725341797,26572,BZ=F,Brent Crude Oil,-0.28,4.78
2023-01-25,86.12000274658203,19993,BZ=F,Brent Crude Oil,-0.273,6.35
2023-01-26,87.47000122070312,14187,BZ=F,Brent Crude Oil,-0.04,4.23
2023-01-27,86.66000366210938,10012,BZ=F,Brent Crude Oil,-0.167,2.76
2023-01-30,84.9000015258789,5879,BZ=F,Brent Crude Oil,-0.452,1.97
2023-01-31,84.48999786376953,30498,BZ=F,Brent Crude Oil,-0.511,2.71
2023-02-01,82.83999633789062,28085,BZ=F,Brent Crude Oil,-0.773,-3.57
2023-02-02,82.16999816894531,24611,BZ=F,Brent Crude Oil,-0.875,0.09
2023-02-03,79.94000244140625,24743,BZ=F,Brent Crude Oil,-1.232,2.7
2023-02-06,80.98999786376953,31365,BZ=F,Brent Crude Oil,-1.041,2.92
2023-02-07,83.69000244140625,24432,BZ=F,Brent Crude Oil,-0.584,6.52
2023-02-08,85.08999633789062,29853,BZ=F,Brent Crude Oil,-0.347,6.83
2023-02-09,84.5,30520,BZ=F,Brent Crude Oil,-0.437,5.49
2023-02-10,86.38999938964844,30882,BZ=F,Brent Crude Oil,-0.121,4.5
2023-02-13,86.61000061035156,19426,BZ=F,Brent Crude Oil,-0.076,3.07
2023-02-14,85.58000183105469,19585,BZ=F,Brent Crude Oil,-0.233,0.35
2023-02-15,85.37999725341797,21161,BZ=F,Brent Crude Oil,-0.252,-0.63
2023-02-16,85.13999938964844,20089,BZ=F,Brent Crude Oil,-0.274,0.19
2023-02-17,83.0,27191,BZ=F,Brent Crude Oil,-0.622,-3.67
2023-02-21,83.05000305175781,31936,BZ=F,Brent Crude Oil,-0.597,-5.23
2023-02-22,80.5999984741211,20309,BZ=F,Brent Crude Oil,-1.002,-8.61
2023-02-23,82.20999908447266,14474,BZ=F,Brent Crude Oil,-0.703,-4.55
2023-02-24,83.16000366210938,13365,BZ=F,Brent Crude Oil,-0.521,-3.44
2023-02-27,82.44999694824219,5691,BZ=F,Brent Crude Oil,-0.631,-5.74
2023-02-28,83.88999938964844,24882,BZ=F,Brent Crude Oil,-0.364,-3.2
2023-03-01,84.30999755859375,26723,BZ=F,Brent Crude Oil,-0.275,-0.69
2023-03-02,84.75,17997,BZ=F,Brent Crude Oil,-0.182,0.31
2023-03-03,85.83000183105469,27594,BZ=F,Brent Crude Oil,0.028,3.61
2023-03-06,86.18000030517578,24587,BZ=F,Brent Crude Oil,0.108,4.88
2023-03-07,83.29000091552734,26092,BZ=F,Brent Crude Oil,-0.409,4.19
2023-03-08,82.66000366210938,23661,BZ=F,Brent Crude Oil,-0.51,2.06
2023-03-09,81.58999633789062,25018,BZ=F,Brent Crude Oil,-0.699,-2.51
2023-03-10,82.77999877929688,26753,BZ=F,Brent Crude Oil,-0.449,-2.71
2023-03-13,80.7699966430664,38195,BZ=F,Brent Crude Oil,-0.835,-4.41
2023-03-14,77.44999694824219,33198,BZ=F,Brent Crude Oil,-1.488,-10.35
2023-03-15,73.69000244140625,46598,BZ=F,Brent Crude Oil,-2.221,-14.92
2023-03-16,74.69999694824219,29873,BZ=F,Brent Crude Oil,-1.973,-12.71
2023-03-17,72.97000122070312,34734,BZ=F,Brent Crude Oil,-2.323,-14.54
2023-03-20,73.79000091552734,22185,BZ=F,Brent Crude Oil,-2.147,-13.33
2023-03-21,75.31999969482422,18784,BZ=F,Brent Crude Oil,-1.8,-9.25
2023-03-22,76.69000244140625,19933,BZ=F,Brent Crude Oil,-1.474,-7.66
2023-03-23,75.91000366210938,18685,BZ=F,Brent Crude Oil,-1.632,-5.82
2023-03-24,74.98999786376953,18941,BZ=F,Brent Crude Oil,-1.848,-8.78
2023-03-27,78.12000274658203,13874,BZ=F,Brent Crude Oil,-1.1,-6.06
2023-03-28,78.6500015258789,17782,BZ=F,Brent Crude Oil,-0.967,-4.61
2023-03-29,78.27999877929688,11027,BZ=F,Brent Crude Oil,-1.055,-6.69
2023-03-30,79.2699966430664,6818,BZ=F,Brent Crude Oil,-0.78,-5.98
2023-03-31,79.7699966430664,38477,BZ=F,Brent Crude Oil,-0.63,-5.88
2023-04-03,84.93000030517578,37587,BZ=F,Brent Crude Oil,0.768,-1.05
2023-04-04,84.94000244140625,32987,BZ=F,Brent Crude Oil,0.792,-1.44
2023-04-05,84.98999786376953,28362,BZ=F,Brent Crude Oil,0.808,2.04
2023-04-06,85.12000274658203,0,BZ=F,Brent Crude Oil,0.836,2.98
2023-04-10,84.18000030517578,14242,BZ=F,Brent Crude Oil,0.575,3.17
2023-04-11,85.61000061035156,28189,BZ=F,Brent Crude Oil,0.954,3.42
2023-04-12,87.33000183105469,36337,BZ=F,Brent Crude Oil,1.406,8.12
2023-04-13,86.08999633789062,26363,BZ=F,Brent Crude Oil,1.077,11.16
2023-04-14,86.30999755859375,28360,BZ=F,Brent Crude Oil,1.132,17.13
2023-04-17,84.76000213623047,30271,BZ=F,Brent Crude Oil,0.704,13.47
2023-04-18,84.7699966430664,27241,BZ=F,Brent Crude Oil,0.691,16.17
2023-04-19,83.12000274658203,30732,BZ=F,Brent Crude Oil,0.231,12.64
2023-04-20,81.0999984741211,26114,BZ=F,Brent Crude Oil,-0.34,7.67
2023-04-21,81.66000366210938,17805,BZ=F,Brent Crude Oil,-0.206,6.48
2023-04-24,82.7300033569336,16684,BZ=F,Brent Crude Oil,0.081,8.98
2023-04-25,80.7699966430664,17134,BZ=F,Brent Crude Oil,-0.476,7.71
2023-04-26,77.69000244140625,15436,BZ=F,Brent Crude Oil,-1.322,-0.55
2023-04-27,78.37000274658203,8926,BZ=F,Brent Crude Oil,-1.114,-0.36
2023-04-28,79.54000091552734,26788,BZ=F,Brent Crude Oil,-0.79,1.61
2023-05-01,79.30999755859375,12551,BZ=F,Brent Crude Oil,-0.852,0.05
2023-05-02,75.31999969482422,35700,BZ=F,Brent Crude Oil,-1.916,-5.58
2023-05-03,72.33000183105469,34878,BZ=F,Brent Crude Oil,-2.6,-14.84
2023-05-04,72.5,30132,BZ=F,Brent Crude Oil,-2.444,-14.65
2023-05-05,75.30000305175781,20363,BZ=F,Brent Crude Oil,-1.682,-11.4
2023-05-08,77.01000213623047,17211,BZ=F,Brent Crude Oil,-1.224,-9.53
2023-05-09,77.44000244140625,24836,BZ=F,Brent Crude Oil,-1.094,-8.01
2023-05-10,76.41000366210938,30289,BZ=F,Brent Crude Oil,-1.32,-10.75
2023-05-11,74.9800033569336,32136,BZ=F,Brent Crude Oil,-1.625,-14.14
2023-05-12,74.16999816894531,26553,BZ=F,Brent Crude Oil,-1.768,-13.85
2023-05-15,75.2300033569336,24312,BZ=F,Brent Crude Oil,-1.496,-12.84
2023-05-16,74.91000366210938,23070,BZ=F,Brent Crude Oil,-1.545,-11.62
2023-05-17,76.95999908447266,31285,BZ=F,Brent Crude Oil,-1.057,-9.21
2023-05-18,75.86000061035156,20152,BZ=F,Brent Crude Oil,-1.292,-8.73
2023-05-19,75.58000183105469,22388,BZ=F,Brent Crude Oil,-1.333,-6.81
2023-05-22,75.98999786376953,22801,BZ=F,Brent Crude Oil,-1.212,-6.94
2023-05-23,76.83999633789062,30676,BZ=F,Brent Crude Oil,-0.998,-7.12
2023-05-24,78.36000061035156,33849,BZ=F,Brent Crude Oil,-0.638,-2.98
2023-05-25,76.26000213623047,36272,BZ=F,Brent Crude Oil,-1.09,-1.84
2023-05-26,76.94999694824219,15522,BZ=F,Brent Crude Oil,-0.913,-1.81
2023-05-30,73.54000091552734,13840,BZ=F,Brent Crude Oil,-1.641,-7.54
2023-05-31,72.66000366210938,34611,BZ=F,Brent Crude Oil,-1.792,-8.38
2023-06-01,74.27999877929688,31338,BZ=F,Brent Crude Oil,-1.402,-1.38
2023-06-02,76.12999725341797,26080,BZ=F,Brent Crude Oil,-0.965,5.25
2023-06-05,76.70999908447266,34658,BZ=F,Brent Crude Oil,-0.815,5.81
2023-06-06,76.29000091552734,27997,BZ=F,Brent Crude Oil,-0.892,1.31
2023-06-07,76.94999694824219,35446,BZ=F,Brent Crude Oil,-0.723,-0.08
2023-06-08,75.95999908447266,45284,BZ=F,Brent Crude Oil,-0.931,-1.91
2023-06-09,74.79000091552734,25616,BZ=F,Brent Crude Oil,-1.176,-2.12
2023-06-12,71.83999633789062,33191,BZ=F,Brent Crude Oil,-1.803,-4.19
2023-06-13,74.29000091552734,28142,BZ=F,Brent Crude Oil,-1.215,0.16
2023-06-14,73.19999694824219,26201,BZ=F,Brent Crude Oil,-1.429,-2.7
2023-06-15,75.66999816894531,21211,BZ=F,Brent Crude Oil,-0.859,1.01
2023-06-16,76.61000061035156,20871,BZ=F,Brent Crude Oil,-0.633,-0.45
2023-06-20,75.9000015258789,34421,BZ=F,Brent Crude Oil,-0.774,0.05
2023-06-21,77.12000274658203,22470,BZ=F,Brent Crude Oil,-0.484,2.04
2023-06-22,74.13999938964844,30975,BZ=F,Brent Crude Oil,-1.137,-2.43
2023-06-23,73.8499984741211,15800,BZ=F,Brent Crude Oil,-1.181,-3.89
2023-06-26,74.18000030517578,20960,BZ=F,Brent Crude Oil,-1.083,-5.33
2023-06-27,72.26000213623047,15262,BZ=F,Brent Crude Oil,-1.495,-5.25
2023-06-28,74.02999877929688,12437,BZ=F,Brent Crude Oil,-1.062,-3.79
2023-06-29,74.33999633789062,6372,BZ=F,Brent Crude Oil,-0.968,1.09
2023-06-30,74.9000015258789,29055,BZ=F,Brent Crude Oil,-0.818,3.08
2023-07-03,74.6500015258789,24066,BZ=F,Brent Crude Oil,-0.859,0.5
2023-07-05,76.6500015258789,35538,BZ=F,Brent Crude Oil,-0.379,0.68
2023-07-06,76.5199966430664,29695,BZ=F,Brent Crude Oil,-0.395,-0.25
2023-07-07,78.47000122070312,26656,BZ=F,Brent Crude Oil,0.077,2.86
2023-07-10,77.69000244140625,21082,BZ=F,Brent Crude Oil,-0.093,0.96
2023-07-11,79.4000015258789,22736,BZ=F,Brent Crude Oil,0.334,4.53
2023-07-12,80.11000061035156,25367,BZ=F,Brent Crude Oil,0.526,7.11
2023-07-13,81.36000061035156,28794,BZ=F,Brent Crude Oil,0.862,13.25
2023-07-14,79.87000274658203,23286,BZ=F,Brent Crude Oil,0.518,7.51
2023-07-17,78.5,29152,BZ=F,Brent Crude Oil,0.182,7.24
2023-07-18,79.62999725341797,30304,BZ=F,Brent Crude Oil,0.487,5.23
2023-07-19,79.45999908447266,33372,BZ=F,Brent Crude Oil,0.451,3.72
2023-07-20,79.63999938964844,24867,BZ=F,Brent Crude Oil,0.512,4.93
2023-07-21,81.06999969482422,23563,BZ=F,Brent Crude Oil,0.889,5.12
2023-07-24,82.73999786376953,28032,BZ=F,Brent Crude Oil,1.303,11.6
2023-07-25,83.63999938964844,22083,BZ=F,Brent Crude Oil,1.5,13.26
2023-07-26,82.91999816894531,19315,BZ=F,Brent Crude Oil,1.282,11.78
2023-07-27,84.23999786376953,18467,BZ=F,Brent Crude Oil,1.584,16.58
2023-07-28,84.98999786376953,11121,BZ=F,Brent Crude Oil,1.728,14.8
2023-07-31,85.55999755859375,23446,BZ=F,Brent Crude Oil,1.815,15.09
2023-08-01,84.91000366210938,27179,BZ=F,Brent Crude Oil,1.606,13.36
2023-08-02,83.19999694824219,32246,BZ=F,Brent Crude Oil,1.156,11.45
2023-08-03,85.13999938964844,30333,BZ=F,Brent Crude Oil,1.59,11.08
2023-08-04,86.23999786376953,22130,BZ=F,Brent Crude Oil,1.802,12.7
2023-08-07,85.33999633789062,19591,BZ=F,Brent Crude Oil,1.547,8.75
2023-08-08,86.16999816894531,26377,BZ=F,Brent Crude Oil,1.694,10.92
2023-08-09,87.55000305175781,29154,BZ=F,Brent Crude Oil,1.95,10.26
2023-08-10,86.4000015258789,28721,BZ=F,Brent Crude Oil,1.646,7.85
2023-08-11,86.80999755859375,33204,BZ=F,Brent Crude Oil,1.721,6.7
2023-08-14,86.20999908447266,24768,BZ=F,Brent Crude Oil,1.578,7.94
2023-08-15,84.88999938964844,29945,BZ=F,Brent Crude Oil,1.286,8.14
2023-08-16,83.44999694824219,31925,BZ=F,Brent Crude Oil,0.977,4.8
2023-08-17,84.12000274658203,33977,BZ=F,Brent Crude Oil,1.126,5.86
2023-08-18,84.80000305175781,26072,BZ=F,Brent Crude Oil,1.283,6.48
2023-08-21,84.45999908447266,27958,BZ=F,Brent Crude Oil,1.228,4.18
2023-08-22,84.02999877929688,27081,BZ=F,Brent Crude Oil,1.144,1.56
2023-08-23,83.20999908447266,35103,BZ=F,Brent Crude Oil,0.976,-0.51
2023-08-24,83.36000061035156,27997,BZ=F,Brent Crude Oil,1.018,0.53
2023-08-25,84.4800033569336,20715,BZ=F,Brent Crude Oil,1.278,0.28
2023-08-28,84.41999816894531,14607,BZ=F,Brent Crude Oil,1.256,-0.67
2023-08-29,85.48999786376953,14579,BZ=F,Brent Crude Oil,1.474,-0.08
2023-08-30,85.86000061035156,12280,BZ=F,Brent Crude Oil,1.53,1.12
2023-08-31,86.86000061035156,33559,BZ=F,Brent Crude Oil,1.722,4.4
2023-09-01,88.55000305175781,33224,BZ=F,Brent Crude Oil,2.029,4.01
2023-09-05,90.04000091552734,46893,BZ=F,Brent Crude Oil,2.256,4.41
2023-09-06,90.5999984741211,25396,BZ=F,Brent Crude Oil,2.275,6.16
2023-09-07,89.91999816894531,22300,BZ=F,Brent Crude Oil,2.061,4.35
2023-09-08,90.6500015258789,27150,BZ=F,Brent Crude Oil,2.125,3.54
2023-09-11,90.63999938964844,29901,BZ=F,Brent Crude Oil,2.048,4.91
2023-09-12,92.05999755859375,31070,BZ=F,Brent Crude Oil,2.237,6.05
2023-09-13,91.87999725341797,31803,BZ=F,Brent Crude Oil,2.131,6.58
2023-09-14,93.69999694824219,36699,BZ=F,Brent Crude Oil,2.361,10.38
2023-09-15,93.93000030517578,35162,BZ=F,Brent Crude Oil,2.301,12.56
2023-09-18,94.43000030517578,33918,BZ=F,Brent Crude Oil,2.288,12.26
2023-09-19,94.33999633789062,43614,BZ=F,Brent Crude Oil,2.185,11.25
2023-09-20,93.52999877929688,43515,BZ=F,Brent Crude Oil,1.983,10.74
2023-09-21,93.30000305175781,38711,BZ=F,Brent Crude Oil,1.887,11.03
2023-09-22,93.2699966430664,31511,BZ=F,Brent Crude Oil,1.825,12.09
2023-09-25,93.29000091552734,18626,BZ=F,Brent Crude Oil,1.775,11.91
2023-09-26,93.95999908447266,18509,BZ=F,Brent Crude Oil,1.821,11.22
2023-09-27,96.55000305175781,23665,BZ=F,Brent Crude Oil,2.137,14.37
2023-09-28,95.37999725341797,9192,BZ=F,Brent Crude Oil,1.9,11.57
2023-09-29,95.30999755859375,47666,BZ=F,Brent Crude Oil,1.831,11.01
2023-10-02,90.70999908447266,38153,BZ=F,Brent Crude Oil,1.134,4.43
2023-10-03,90.91999816894531,50094,BZ=F,Brent Crude Oil,1.139,2.68
2023-10-04,85.80999755859375,49185,BZ=F,Brent Crude Oil,0.386,-4.7
2023-10-05,84.06999969482422,44895,BZ=F,Brent Crude Oil,0.122,-7.21
2023-10-06,84.58000183105469,41254,BZ=F,Brent Crude Oil,0.181,-5.94
2023-10-09,88.1500015258789,37096,BZ=F,Brent Crude Oil,0.691,-2.76
2023-10-10,87.6500015258789,29704,BZ=F,Brent Crude Oil,0.599,-3.3
2023-10-11,85.81999969482422,37902,BZ=F,Brent Crude Oil,0.309,-6.78
2023-10-12,86.0,40488,BZ=F,Brent Crude Oil,0.323,-6.4
2023-10-13,90.88999938964844,44455,BZ=F,Brent Crude Oil,1.046,-3.0
2023-10-16,89.6500015258789,28811,BZ=F,Brent Crude Oil,0.837,-4.56
2023-10-17,89.9000015258789,27054,BZ=F,Brent Crude Oil,0.856,-4.8
2023-10-18,91.5,35456,BZ=F,Brent Crude Oil,1.08,-3.01
2023-10-19,92.37999725341797,34880,BZ=F,Brent Crude Oil,1.198,-1.23
2023-10-20,92.16000366210938,30081,BZ=F,Brent Crude Oil,1.142,-1.22
2023-10-23,89.83000183105469,36158,BZ=F,Brent Crude Oil,0.756,-3.69
2023-10-24,88.06999969482422,42436,BZ=F,Brent Crude Oil,0.455,-5.6
2023-10-25,90.12999725341797,47506,BZ=F,Brent Crude Oil,0.773,-4.08
2023-10-26,87.93000030517578,22662,BZ=F,Brent Crude Oil,0.394,-8.93
2023-10-27,90.4800033569336,21249,BZ=F,Brent Crude Oil,0.801,-5.14
2023-10-30,87.44999694824219,15413,BZ=F,Brent Crude Oil,0.273,-8.25
2023-10-31,87.41000366210938,35673,BZ=F,Brent Crude Oil,0.246,-3.64
2023-11-01,84.62999725341797,36235,BZ=F,Brent Crude Oil,-0.27,-6.92
2023-11-02,86.8499984741211,31512,BZ=F,Brent Crude Oil,0.105,1.21
2023-11-03,84.88999938964844,36172,BZ=F,Brent Crude Oil,-0.293,0.98
2023-11-06,85.18000030517578,26524,BZ=F,Brent Crude Oil,-0.269,0.71
2023-11-07,81.61000061035156,38007,BZ=F,Brent Crude Oil,-1.02,-7.42
2023-11-08,79.54000091552734,36137,BZ=F,Brent Crude Oil,-1.487,-9.25
2023-11-09,80.01000213623047,32592,BZ=F,Brent Crude Oil,-1.416,-6.77
2023-11-10,81.43000030517578,20653,BZ=F,Brent Crude Oil,-1.149,-5.31
2023-11-13,82.5199966430664,22380,BZ=F,Brent Crude Oil,-0.936,-9.21
2023-11-14,82.47000122070312,25753,BZ=F,Brent Crude Oil,-0.976,-8.01
2023-11-15,81.18000030517578,32261,BZ=F,Brent Crude Oil,-1.276,-9.7
2023-11-16,77.41999816894531,37692,BZ=F,Brent Crude Oil,-2.087,-15.39
2023-11-17,80.61000061035156,35037,BZ=F,Brent Crude Oil,-1.375,-12.74
2023-11-20,82.31999969482422,24121,BZ=F,Brent Crude Oil,-1.011,-10.68
2023-11-21,82.44999694824219,22699,BZ=F,Brent Crude Oil,-1.006,-8.22
2023-11-22,81.95999908447266,40651,BZ=F,Brent Crude Oil,-1.132,-6.94
2023-11-23,81.37000274658203,40651,BZ=F,Brent Crude Oil,-1.28,-9.72
2023-11-24,80.58000183105469,19356,BZ=F,Brent Crude Oil,-1.47,-8.36
2023-11-27,79.9800033569336,15161,BZ=F,Brent Crude Oil,-1.598,-11.6
2023-11-28,81.68000030517578,15095,BZ=F,Brent Crude Oil,-1.202,-6.6
2023-11-29,83.0999984741211,8045,BZ=F,Brent Crude Oil,-0.875,-4.93
2023-11-30,82.83000183105469,59320,BZ=F,Brent Crude Oil,-0.936,-2.13
2023-12-01,78.87999725341797,29551,BZ=F,Brent Crude Oil,-1.795,-9.18
2023-12-04,78.02999877929688,32582,BZ=F,Brent Crude Oil,-1.929,-8.08
2023-12-05,77.19999694824219,30931,BZ=F,Brent Crude Oil,-2.042,-9.37
2023-12-06,74.30000305175781,34004,BZ=F,Brent Crude Oil,-2.543,-8.96
2023-12-07,74.05000305175781,26600,BZ=F,Brent Crude Oil,-2.488,-6.9
2023-12-08,75.83999633789062,21497,BZ=F,Brent Crude Oil,-2.059,-5.21
2023-12-11,76.02999877929688,20413,BZ=F,Brent Crude Oil,-1.956,-6.63
2023-12-12,73.23999786376953,29568,BZ=F,Brent Crude Oil,-2.383,-11.25
2023-12-13,74.26000213623047,27711,BZ=F,Brent Crude Oil,-2.114,-9.96
2023-12-14,76.61000061035156,28386,BZ=F,Brent Crude Oil,-1.644,-5.63
2023-12-15,76.55000305175781,19442,BZ=F,Brent Crude Oil,-1.611,-1.12
2023-12-18,77.94999694824219,30258,BZ=F,Brent Crude Oil,-1.335,-3.3
2023-12-19,79.2300033569336,25735,BZ=F,Brent Crude Oil,-1.093,-3.75
2023-12-20,79.69999694824219,26913,BZ=F,Brent Crude Oil,-0.997,-3.34
2023-12-21,79.38999938964844,22237,BZ=F,Brent Crude Oil,-1.036,-3.14
2023-12-22,79.06999969482422,12334,BZ=F,Brent Crude Oil,-1.074,-2.83
2023-12-26,81.06999969482422,10247,BZ=F,Brent Crude Oil,-0.727,0.61
2023-12-27,79.6500015258789,8282,BZ=F,Brent Crude Oil,-0.953,-0.41
2023-12-28,78.38999938964844,24301,BZ=F,Brent Crude Oil,-1.145,-4.03
2023-12-29,77.04000091552734,20115,BZ=F,Brent Crude Oil,-1.345,-7.29
2024-01-02,75.88999938964844,28591,BZ=F,Brent Crude Oil,-1.502,-8.38
2024-01-03,78.25,32172,BZ=F,Brent Crude Oil,-1.099,-0.8
2024-01-04,77.58999633789062,33154,BZ=F,Brent Crude Oil,-1.184,-0.56
2024-01-05,78.76000213623047,30994,BZ=F,Brent Crude Oil,-0.979,2.02
2024-01-08,76.12000274658203,32539,BZ=F,Brent Crude Oil,-1.368,2.45
2024-01-09,77.58999633789062,27914,BZ=F,Brent Crude Oil,-1.113,4.78
2024-01-10,76.80000305175781,34395,BZ=F,Brent Crude Oil,-1.209,1.27
2024-01-11,77.41000366210938,35565,BZ=F,Brent Crude Oil,-1.089,1.82
2024-01-12,78.29000091552734,31824,BZ=F,Brent Crude Oil,-0.931,6.9
2024-01-16,78.29000091552734,46742,BZ=F,Brent Crude Oil,-0.911,5.43
2024-01-17,77.87999725341797,35892,BZ=F,Brent Crude Oil,-0.953,1.66
2024-01-18,79.0999984741211,28190,BZ=F,Brent Crude Oil,-0.746,3.33
2024-01-19,78.55999755859375,23734,BZ=F,Brent Crude Oil,-0.811,0.78
2024-01-22,80.05999755859375,27825,BZ=F,Brent Crude Oil,-0.559,1.05
2024-01-23,79.55000305175781,27835,BZ=F,Brent Crude Oil,-0.623,-0.19
2024-01-24,80.04000091552734,22429,BZ=F,Brent Crude Oil,-0.528,0.82
2024-01-25,82.43000030517578,21420,BZ=F,Brent Crude Oil,-0.12,4.25
2024-01-26,83.55000305175781,19128,BZ=F,Brent Crude Oil,0.087,3.06
2024-01-29,82.4000015258789,12802,BZ=F,Brent Crude Oil,-0.088,3.45
2024-01-30,82.87000274658203,7284,BZ=F,Brent Crude Oil,0.013,5.72
2024-01-31,81.70999908447266,33486,BZ=F,Brent Crude Oil,-0.171,6.06
2024-02-01,78.69999694824219,48919,BZ=F,Brent Crude Oil,-0.691,3.7
2024-02-02,77.33000183105469,32405,BZ=F,Brent Crude Oil,-0.925,-1.18
2024-02-05,77.98999786376953,24879,BZ=F,Brent Crude Oil,-0.794,0.52
2024-02-06,78.58999633789062,24904,BZ=F,Brent Crude Oil,-0.666,-0.22
2024-02-07,79.20999908447266,26342,BZ=F,Brent Crude Oil,-0.528,4.06
2024-02-08,81.62999725341797,32568,BZ=F,Brent Crude Oil,-0.004,5.21
2024-02-09,82.19000244140625,26408,BZ=F,Brent Crude Oil,0.138,7.02
2024-02-12,82.0,22915,BZ=F,Brent Crude Oil,0.107,5.93
2024-02-13,82.7699966430664,29306,BZ=F,Brent Crude Oil,0.278,5.72
2024-02-14,81.5999984741211,28305,BZ=F,Brent Crude Oil,0.03,4.23
2024-02-15,82.86000061035156,31230,BZ=F,Brent Crude Oil,0.322,6.39
2024-02-16,83.47000122070312,34125,BZ=F,Brent Crude Oil,0.472,5.52
2024-02-20,82.33999633789062,34581,BZ=F,Brent Crude Oil,0.229,4.81
2024-02-21,83.02999877929688,23038,BZ=F,Brent Crude Oil,0.394,3.71
2024-02-22,83.66999816894531,27885,BZ=F,Brent Crude Oil,0.571,5.18
2024-02-23,81.62000274658203,19427,BZ=F,Brent Crude Oil,0.119,1.97
2024-02-26,82.52999877929688,15694,BZ=F,Brent Crude Oil,0.363,0.12
2024-02-27,83.6500015258789,10882,BZ=F,Brent Crude Oil,0.68,0.12
2024-02-28,83.68000030517578,6015,BZ=F,Brent Crude Oil,0.745,1.55
2024-02-29,83.62000274658203,27327,BZ=F,Brent Crude Oil,0.793,0.91
2024-03-01,83.55000305175781,30885,BZ=F,Brent Crude Oil,0.82,2.25
2024-03-04,82.80000305175781,26396,BZ=F,Brent Crude Oil,0.637,5.21
2024-03-05,82.04000091552734,37442,BZ=F,Brent Crude Oil,0.46,6.09
2024-03-06,82.95999908447266,35173,BZ=F,Brent Crude Oil,0.78,6.37
2024-03-07,82.95999908447266,32447,BZ=F,Brent Crude Oil,0.852,5.56
2024-03-08,82.08000183105469,26605,BZ=F,Brent Crude Oil,0.597,3.62
2024-03-11,82.20999908447266,28619,BZ=F,Brent Crude Oil,0.683,0.71
2024-03-12,81.91999816894531,29951,BZ=F,Brent Crude Oil,0.598,-0.33
2024-03-13,84.02999877929688,34043,BZ=F,Brent Crude Oil,1.394,2.48
2024-03-14,85.41999816894531,34250,BZ=F,Brent Crude Oil,1.894,3.2
2024-03-15,85.33999633789062,23623,BZ=F,Brent Crude Oil,1.862,4.58
2024-03-18,86.88999938964844,33687,BZ=F,Brent Crude Oil,2.332,4.86
2024-03-19,87.37999725341797,30045,BZ=F,Brent Crude Oil,2.394,4.68
2024-03-20,85.94999694824219,35304,BZ=F,Brent Crude Oil,1.846,4.38
2024-03-21,85.77999877929688,23829,BZ=F,Brent Crude Oil,1.743,3.31
2024-03-22,85.43000030517578,14778,BZ=F,Brent Crude Oil,1.598,2.1
2024-03-25,86.75,21176,BZ=F,Brent Crude Oil,1.971,6.29
2024-03-26,86.25,12736,BZ=F,Brent Crude Oil,1.762,4.51
2024-03-27,86.08999633789062,8449,BZ=F,Brent Crude Oil,1.665,2.92
2024-03-28,87.4800033569336,30759,BZ=F,Brent Crude Oil,2.023,4.54
2024-04-01,87.41999816894531,29598,BZ=F,Brent Crude Oil,1.947,4.54
2024-04-02,88.91999816894531,40754,BZ=F,Brent Crude Oil,2.301,6.43
2024-04-03,89.3499984741211,35138,BZ=F,Brent Crude Oil,2.327,7.91
2024-04-04,90.6500015258789,38764,BZ=F,Brent Crude Oil,2.56,10.49
2024-04-05,91.16999816894531,37391,BZ=F,Brent Crude Oil,2.567,9.9
2024-04-08,90.37999725341797,39142,BZ=F,Brent Crude Oil,2.265,8.94
2024-04-09,89.41999816894531,33993,BZ=F,Brent Crude Oil,1.959,8.94
2024-04-10,90.4800033569336,51136,BZ=F,Brent Crude Oil,2.143,10.06
2024-04-11,89.73999786376953,47337,BZ=F,Brent Crude Oil,1.908,9.55
2024-04-12,90.44999694824219,43560,BZ=F,Brent Crude Oil,2.002,7.64
2024-04-15,90.0999984741211,35488,BZ=F,Brent Crude Oil,1.861,5.48
2024-04-16,90.0199966430664,34348,BZ=F,Brent Crude Oil,1.788,5.48
2024-04-17,87.29000091552734,45933,BZ=F,Brent Crude Oil,1.159,0.46
2024-04-18,87.11000061035156,38630,BZ=F,Brent Crude Oil,1.099,-0.31
2024-04-19,87.29000091552734,45203,BZ=F,Brent Crude Oil,1.117,1.56
2024-04-22,87.0,32395,BZ=F,Brent Crude Oil,1.029,1.42
2024-04-23,88.41999816894531,35381,BZ=F,Brent Crude Oil,1.339,3.5
2024-04-24,88.0199966430664,26662,BZ=F,Brent Crude Oil,1.227,1.46
2024-04-25,89.01000213623047,24588,BZ=F,Brent Crude Oil,1.43,3.2
2024-04-26,89.5,15475,BZ=F,Brent Crude Oil,1.513,3.96
2024-04-29,88.4000015258789,15093,BZ=F,Brent Crude Oil,1.224,1.05
2024-04-30,87.86000061035156,39816,BZ=F,Brent Crude Oil,1.071,0.5
2024-05-01,83.44000244140625,48165,BZ=F,Brent Crude Oil,0.012,-6.16
2024-05-02,83.66999816894531,39951,BZ=F,Brent Crude Oil,0.056,-6.36
2024-05-03,82.95999908447266,31511,BZ=F,Brent Crude Oil,-0.125,-8.48
2024-05-06,83.33000183105469,23246,BZ=F,Brent Crude Oil,-0.042,-8.6
2024-05-07,83.16000366210938,33414,BZ=F,Brent Crude Oil,-0.093,-7.99
2024-05-08,83.58000183105469,35419,BZ=F,Brent Crude Oil,-0.005,-6.53
2024-05-09,83.87999725341797,25231,BZ=F,Brent Crude Oil,0.05,-7.29
2024-05-10,82.79000091552734,25062,BZ=F,Brent Crude Oil,-0.245,-7.74
2024-05-13,83.36000061035156,29242,BZ=F,Brent Crude Oil,-0.116,-7.84
2024-05-14,82.37999725341797,33169,BZ=F,Brent Crude Oil,-0.387,-8.57
2024-05-15,82.75,41744,BZ=F,Brent Crude Oil,-0.305,-8.08
2024-05-16,83.2699966430664,27576,BZ=F,Brent Crude Oil,-0.193,-4.61
2024-05-17,83.9800033569336,23516,BZ=F,Brent Crude Oil,-0.022,-3.59
2024-05-20,83.70999908447266,22320,BZ=F,Brent Crude Oil,-0.119,-4.1
2024-05-21,82.87999725341797,29726,BZ=F,Brent Crude Oil,-0.377,-4.74
2024-05-22,81.9000015258789,32042,BZ=F,Brent Crude Oil,-0.678,-7.37
2024-05-23,81.36000061035156,27035,BZ=F,Brent Crude Oil,-0.855,-7.57
2024-05-24,82.12000274658203,17991,BZ=F,Brent Crude Oil,-0.658,-7.74
2024-05-28,84.22000122070312,23477,BZ=F,Brent Crude Oil,-0.047,-5.9
2024-05-29,83.5999984741211,15987,BZ=F,Brent Crude Oil,-0.256,-5.43
2024-05-30,81.86000061035156,9220,BZ=F,Brent Crude Oil,-0.805,-6.83
2024-05-31,81.62000274658203,33414,BZ=F,Brent Crude Oil,-0.895,-2.18
2024-06-03,78.36000061035156,42771,BZ=F,Brent Crude Oil,-1.893,-6.35
2024-06-04,77.5199966430664,41209,BZ=F,Brent Crude Oil,-2.088,-6.56
2024-06-05,78.41000366210938,37039,BZ=F,Brent Crude Oil,-1.769,-5.9
2024-06-06,79.87000274658203,36186,BZ=F,Brent Crude Oil,-1.315,-3.96
2024-06-07,79.62000274658203,26371,BZ=F,Brent Crude Oil,-1.365,-4.74
2024-06-10,81.62999725341797,36413,BZ=F,Brent Crude Oil,-0.776,-2.68
2024-06-11,81.91999816894531,35178,BZ=F,Brent Crude Oil,-0.71,-1.05
2024-06-12,82.5999984741211,40802,BZ=F,Brent Crude Oil,-0.538,-0.91
2024-06-13,82.75,39191,BZ=F,Brent Crude Oil,-0.519,0.45
2024-06-14,82.62000274658203,39346,BZ=F,Brent Crude Oil,-0.583,-0.16
2024-06-17,84.25,32978,BZ=F,Brent Crude Oil,-0.088,1.18
2024-06-18,85.33000183105469,45690,BZ=F,Brent Crude Oil,0.245,1.61
2024-06-20,85.70999908447266,52543,BZ=F,Brent Crude Oil,0.356,2.39
2024-06-21,85.23999786376953,25055,BZ=F,Brent Crude Oil,0.194,2.85
2024-06-24,86.01000213623047,28043,BZ=F,Brent Crude Oil,0.432,5.02
2024-06-25,85.01000213623047,26591,BZ=F,Brent Crude Oil,0.096,4.49
2024-06-26,85.25,18107,BZ=F,Brent Crude Oil,0.166,3.81
2024-06-27,86.38999938964844,11216,BZ=F,Brent Crude Oil,0.527,2.58
2024-06-28,86.41000366210938,38920,BZ=F,Brent Crude Oil,0.52,3.36
2024-07-01,86.5999984741211,55468,BZ=F,Brent Crude Oil,0.569,5.79
2024-07-02,86.23999786376953,52311,BZ=F,Brent Crude Oil,0.442,5.66
2024-07-03,87.33999633789062,39021,BZ=F,Brent Crude Oil,0.783,11.46
2024-07-05,86.54000091552734,51456,BZ=F,Brent Crude Oil,0.507,11.64
2024-07-08,85.75,36568,BZ=F,Brent Crude Oil,0.24,9.36
2024-07-09,84.66000366210938,44667,BZ=F,Brent Crude Oil,-0.122,6.0
2024-07-10,85.08000183105469,51274,BZ=F,Brent Crude Oil,0.011,6.86
2024-07-11,85.4000015258789,47743,BZ=F,Brent Crude Oil,0.11,4.62
2024-07-12,85.02999877929688,48430,BZ=F,Brent Crude Oil,-0.021,3.8
2024-07-15,84.8499984741211,36586,BZ=F,Brent Crude Oil,-0.091,2.72
2024-07-16,83.7300033569336,45546,BZ=F,Brent Crude Oil,-0.468,1.18
2024-07-17,85.08000183105469,44273,BZ=F,Brent Crude Oil,-0.025,2.98
2024-07-18,85.11000061035156,45867,BZ=F,Brent Crude Oil,-0.027,1.02
2024-07-19,82.62999725341797,45739,BZ=F,Brent Crude Oil,-0.865,-3.16
2024-07-22,82.4000015258789,36408,BZ=F,Brent Crude Oil,-0.946,-3.86
2024-07-23,81.01000213623047,45436,BZ=F,Brent Crude Oil,-1.39,-4.96
2024-07-24,81.70999908447266,47261,BZ=F,Brent Crude Oil,-1.133,-5.0
2024-07-25,82.37000274658203,51868,BZ=F,Brent Crude Oil,-0.899,-3.11
2024-07-26,81.12999725341797,27491,BZ=F,Brent Crude Oil,-1.278,-4.83
2024-07-29,79.77999877929688,22531,BZ=F,Brent Crude Oil,-1.672,-7.65
2024-07-30,78.62999725341797,15035,BZ=F,Brent Crude Oil,-1.974,-9.0
2024-07-31,80.72000122070312,54838,BZ=F,Brent Crude Oil,-1.283,-6.79
2024-08-01,79.5199966430664,44000,BZ=F,Brent Crude Oil,-1.615,-7.79
2024-08-02,76.80999755859375,58894,BZ=F,Brent Crude Oil,-2.347,-12.06
2024-08-05,76.30000305175781,59442,BZ=F,Brent Crude Oil,-2.389,-11.83
2024-08-06,76.4800033569336,45238,BZ=F,Brent Crude Oil,-2.241,-10.81
2024-08-07,78.33000183105469,49730,BZ=F,Brent Crude Oil,-1.67,-7.48
2024-08-08,79.16000366210938,40462,BZ=F,Brent Crude Oil,-1.403,-6.96
2024-08-09,79.66000366210938,32227,BZ=F,Brent Crude Oil,-1.237,-6.72
2024-08-12,82.30000305175781,45234,BZ=F,Brent Crude Oil,-0.488,-3.21
2024-08-13,80.69000244140625,50485,BZ=F,Brent Crude Oil,-0.922,-4.9
2024-08-14,79.76000213623047,50327,BZ=F,Brent Crude Oil,-1.17,-4.74
2024-08-15,81.04000091552734,33165,BZ=F,Brent Crude Oil,-0.783,-4.75
2024-08-16,79.68000030517578,33753,BZ=F,Brent Crude Oil,-1.162,-6.38
2024-08-19,77.66000366210938,45853,BZ=F,Brent Crude Oil,-1.733,-6.01
2024-08-20,77.19999694824219,39162,BZ=F,Brent Crude Oil,-1.831,-6.31
2024-08-21,76.05000305175781,45081,BZ=F,Brent Crude Oil,-2.129,-6.12
2024-08-22,77.22000122070312,33822,BZ=F,Brent Crude Oil,-1.748,-5.5
2024-08-23,79.0199966430664,19275,BZ=F,Brent Crude Oil,-1.189,-4.07
2024-08-26,81.43000030517578,25997,BZ=F,Brent Crude Oil,-0.431,0.37
2024-08-27,79.55000305175781,21261,BZ=F,Brent Crude Oil,-0.993,-0.29
2024-08-28,78.6500015258789,16512,BZ=F,Brent Crude Oil,-1.248,0.03
2024-08-29,79.94000244140625,9726,BZ=F,Brent Crude Oil,-0.825,-0.97
2024-08-30,78.80000305175781,50268,BZ=F,Brent Crude Oil,-1.165,-0.91
2024-09-03,73.75,70646,BZ=F,Brent Crude Oil,-2.661,-3.98
2024-09-04,72.69999694824219,56979,BZ=F,Brent Crude Oil,-2.864,-4.72
2024-09-05,72.69000244140625,47879,BZ=F,Brent Crude Oil,-2.766,-4.96
2024-09-06,71.05999755859375,36035,BZ=F,Brent Crude Oil,-3.086,-9.28
2024-09-09,71.83999633789062,35995,BZ=F,Brent Crude Oil,-2.736,-9.25
2024-09-10,69.19000244140625,47963,BZ=F,Brent Crude Oil,-3.232,-13.14
2024-09-11,70.61000061035156,42995,BZ=F,Brent Crude Oil,-2.704,-14.2
2024-09-12,71.97000122070312,42690,BZ=F,Brent Crude Oil,-2.261,-10.81
2024-09-13,71.61000061035156,34281,BZ=F,Brent Crude Oil,-2.254,-10.22
2024-09-16,72.75,36417,BZ=F,Brent Crude Oil,-1.914,-10.23
2024-09-17,73.69999694824219,38565,BZ=F,Brent Crude Oil,-1.643,-7.51
2024-09-18,73.6500015258789,35693,BZ=F,Brent Crude Oil,-1.609,-5.16
2024-09-19,74.87999725341797,36126,BZ=F,Brent Crude Oil,-1.295,-3.01
2024-09-20,74.48999786376953,27358,BZ=F,Brent Crude Oil,-1.351,-2.05
2024-09-23,73.9000015258789,29116,BZ=F,Brent Crude Oil,-1.447,-4.3
2024-09-24,75.16999816894531,31341,BZ=F,Brent Crude Oil,-1.138,-4.87
2024-09-25,73.45999908447266,31571,BZ=F,Brent Crude Oil,-1.478,-9.79
2024-09-26,71.5999984741211,18234,BZ=F,Brent Crude Oil,-1.828,-9.99
2024-09-27,71.9800033569336,7872,BZ=F,Brent Crude Oil,-1.696,-8.48
2024-09-30,71.7699966430664,41928,BZ=F,Brent Crude Oil,-1.69,-10.22
2024-10-01,73.55999755859375,90111,BZ=F,Brent Crude Oil,-1.283,-6.65
2024-10-02,73.9000015258789,53911,BZ=F,Brent Crude Oil,-1.186,0.2
2024-10-03,77.62000274658203,68997,BZ=F,Brent Crude Oil,-0.404,6.77
2024-10-04,78.05000305175781,57481,BZ=F,Brent Crude Oil,-0.302,7.37
2024-10-07,80.93000030517578,55050,BZ=F,Brent Crude Oil,0.306,13.89
2024-10-08,77.18000030517578,66184,BZ=F,Brent Crude Oil,-0.468,7.43
2024-10-09,76.58000183105469,46931,BZ=F,Brent Crude Oil,-0.582,10.68
2024-10-10,79.4000015258789,43562,BZ=F,Brent Crude Oil,0.006,12.45
2024-10-11,79.04000091552734,44341,BZ=F,Brent Crude Oil,-0.073,9.82
2024-10-14,77.45999908447266,35593,BZ=F,Brent Crude Oil,-0.402,8.17
2024-10-15,74.25,47877,BZ=F,Brent Crude Oil,-1.053,2.06
2024-10-16,74.22000122070312,40980,BZ=F,Brent Crude Oil,-1.041,0.71
2024-10-17,74.44999694824219,36901,BZ=F,Brent Crude Oil,-0.973,1.09
2024-10-18,73.05999755859375,34009,BZ=F,Brent Crude Oil,-1.23,-2.43
2024-10-21,74.29000091552734,29891,BZ=F,Brent Crude Oil,-0.958,-0.27
2024-10-22,76.04000091552734,36505,BZ=F,Brent Crude Oil,-0.586,2.9
2024-10-23,74.95999908447266,28090,BZ=F,Brent Crude Oil,-0.789,-0.28
2024-10-24,74.37999725341797,23845,BZ=F,Brent Crude Oil,-0.888,1.25
2024-10-25,76.05000305175781,20056,BZ=F,Brent Crude Oil,-0.529,6.22
2024-10-28,71.41999816894531,28003,BZ=F,Brent Crude Oil,-1.453,-0.78
2024-10-29,71.12000274658203,16776,BZ=F,Brent Crude Oil,-1.48,-0.91
2024-10-30,72.55000305175781,11034,BZ=F,Brent Crude Oil,-1.163,-1.37
2024-10-31,73.16000366210938,36772,BZ=F,Brent Crude Oil,-1.014,-1.0
2024-11-01,73.0999984741211,32059,BZ=F,Brent Crude Oil,-1.006,-5.82
2024-11-04,75.08000183105469,31292,BZ=F,Brent Crude Oil,-0.573,-3.81
2024-11-05,75.52999877929688,40233,BZ=F,Brent Crude Oil,-0.459,-6.67
2024-11-06,74.91999816894531,57996,BZ=F,Brent Crude Oil,-0.575,-2.93
2024-11-07,75.62999725341797,41262,BZ=F,Brent Crude Oil,-0.399,-1.24
2024-11-08,73.87000274658203,35855,BZ=F,Brent Crude Oil,-0.786,-6.96
2024-11-11,71.83000183105469,33838,BZ=F,Brent Crude Oil,-1.246,-9.12
2024-11-12,71.88999938964844,38295,BZ=F,Brent Crude Oil,-1.215,-7.19
2024-11-13,72.27999877929688,43666,BZ=F,Brent Crude Oil,-1.102,-2.65
2024-11-14,72.55999755859375,32367,BZ=F,Brent Crude Oil,-1.018,-2.24
2024-11-15,71.04000091552734,30126,BZ=F,Brent Crude Oil,-1.38,-4.58
2024-11-18,73.30000305175781,30425,BZ=F,Brent Crude Oil,-0.793,0.33
2024-11-19,73.30999755859375,32668,BZ=F,Brent Crude Oil,-0.776,-1.32
2024-11-20,72.80999755859375,26041,BZ=F,Brent Crude Oil,-0.893,-4.25
2024-11-21,74.2300033569336,35756,BZ=F,Brent Crude Oil,-0.492,-0.97
2024-11-22,75.16999816894531,29569,BZ=F,Brent Crude Oil,-0.205,1.06
2024-11-25,73.01000213623047,29335,BZ=F,Brent Crude Oil,-0.818,-4.0
2024-11-26,72.80999755859375,17616,BZ=F,Brent Crude Oil,-0.862,1.95
2024-11-27,72.83000183105469,10246,BZ=F,Brent Crude Oil,-0.837,2.4
2024-11-29,72.94000244140625,45282,BZ=F,Brent Crude Oil,-0.787,0.54
2024-12-02,71.83000183105469,31283,BZ=F,Brent Crude Oil,-1.118,-1.82
2024-12-03,73.62000274658203,40365,BZ=F,Brent Crude Oil,-0.533,0.71
2024-12-04,72.30999755859375,36988,BZ=F,Brent Crude Oil,-0.936,-3.69
2024-12-05,72.08999633789062,32373,BZ=F,Brent Crude Oil,-0.985,-4.55
2024-12-06,71.12000274658203,27572,BZ=F,Brent Crude Oil,-1.279,-5.07
2024-12-09,72.13999938964844,25921,BZ=F,Brent Crude Oil,-0.924,-4.61
2024-12-10,72.19000244140625,32220,BZ=F,Brent Crude Oil,-0.888,-2.27
2024-12-11,73.5199966430664,35954,BZ=F,Brent Crude Oil,-0.438,2.35
2024-12-12,73.41000366210938,36231,BZ=F,Brent Crude Oil,-0.463,2.11
2024-12-13,74.48999786376953,26225,BZ=F,Brent Crude Oil,-0.093,3.06
2024-12-16,73.91000366210938,25458,BZ=F,Brent Crude Oil,-0.27,1.86
2024-12-17,73.19000244140625,26356,BZ=F,Brent Crude Oil,-0.496,3.03
2024-12-18,73.38999938964844,25873,BZ=F,Brent Crude Oil,-0.409,0.12
2024-12-19,72.87999725341797,27742,BZ=F,Brent Crude Oil,-0.575,-0.59
2024-12-20,72.94000244140625,25362,BZ=F,Brent Crude Oil,-0.536,0.18
2024-12-23,72.62999725341797,20997,BZ=F,Brent Crude Oil,-0.638,-2.16
2024-12-24,73.58000183105469,8922,BZ=F,Brent Crude Oil,-0.251,-2.12
2024-12-26,73.26000213623047,5773,BZ=F,Brent Crude Oil,-0.362,0.34
2024-12-27,74.16999816894531,5515,BZ=F,Brent Crude Oil,0.015,1.87
2024-12-30,74.38999938964844,30436,BZ=F,Brent Crude Oil,0.112,2.14
2024-12-31,74.63999938964844,20588,BZ=F,Brent Crude Oil,0.227,2.33
2025-01-02,75.93000030517578,41474,BZ=F,Brent Crude Oil,0.783,5.71
2025-01-03,76.51000213623047,38822,BZ=F,Brent Crude Oil,1.101,3.93
2025-01-06,76.30000305175781,49229,BZ=F,Brent Crude Oil,1.054,5.52
2025-01-07,77.05000305175781,37188,BZ=F,Brent Crude Oil,1.421,6.88
2025-01-08,76.16000366210938,46650,BZ=F,Brent Crude Oil,1.073,7.09
2025-01-09,76.91999816894531,31706,BZ=F,Brent Crude Oil,1.472,6.63
2025-01-10,79.76000213623047,92049,BZ=F,Brent Crude Oil,2.696,10.49
2025-01-13,81.01000213623047,77109,BZ=F,Brent Crude Oil,3.061,10.19
2025-01-14,79.91999816894531,67129,BZ=F,Brent Crude Oil,2.463,8.87
2025-01-15,82.02999877929688,69122,BZ=F,Brent Crude Oil,3.146,10.12
2025-01-16,81.29000091552734,69075,BZ=F,Brent Crude Oil,2.7,9.99
2025-01-17,80.79000091552734,42284,BZ=F,Brent Crude Oil,2.428,10.38
2025-01-21,79.29000091552734,83935,BZ=F,Brent Crude Oil,1.803,8.04
2025-01-22,79.0,40868,BZ=F,Brent Crude Oil,1.646,8.4
2025-01-23,78.29000091552734,46348,BZ=F,Brent Crude Oil,1.346,7.33
2025-01-24,78.5,30464,BZ=F,Brent Crude Oil,1.39,8.08
2025-01-27,77.08000183105469,40623,BZ=F,Brent Crude Oil,0.841,4.76
2025-01-28,77.48999786376953,29822,BZ=F,Brent Crude Oil,0.974,5.77
2025-01-29,76.58000183105469,19845,BZ=F,Brent Crude Oil,0.628,3.25
2025-01-30,76.87000274658203,8389,BZ=F,Brent Crude Oil,0.723,3.33
2025-01-31,76.76000213623047,50618,BZ=F,Brent Crude Oil,0.67,2.84
2025-02-03,75.95999908447266,75087,BZ=F,Brent Crude Oil,0.371,0.04
2025-02-04,76.19999694824219,62716,BZ=F,Brent Crude Oil,0.449,-0.41
2025-02-05,74.61000061035156,30739,BZ=F,Brent Crude Oil,-0.152,-2.21
2025-02-06,74.29000091552734,41460,BZ=F,Brent Crude Oil,-0.282,-3.58
2025-02-07,74.66000366210938,35634,BZ=F,Brent Crude Oil,-0.157,-1.97
2025-02-10,75.87000274658203,27341,BZ=F,Brent Crude Oil,0.291,-1.37
2025-02-11,77.0,37979,BZ=F,Brent Crude Oil,0.705,-3.46
2025-02-12,75.18000030517578,47048,BZ=F,Brent Crude Oil,0.027,-7.2
2025-02-13,75.0199966430664,37759,BZ=F,Brent Crude Oil,-0.021,-6.13
2025-02-14,74.73999786376953,41397,BZ=F,Brent Crude Oil,-0.105,-8.89
2025-02-18,75.83999633789062,50542,BZ=F,Brent Crude Oil,0.336,-6.7
2025-02-19,76.04000091552734,30426,BZ=F,Brent Crude Oil,0.418,-5.88
2025-02-20,76.4800033569336,33347,BZ=F,Brent Crude Oil,0.614,-3.54
2025-02-21,74.43000030517578,28100,BZ=F,Brent Crude Oil,-0.192,-5.78
2025-02-24,74.77999877929688,17858,BZ=F,Brent Crude Oil,-0.038,-4.48
2025-02-25,73.0199966430664,19080,BZ=F,Brent Crude Oil,-0.753,-6.98
2025-02-26,72.52999877929688,11916,BZ=F,Brent Crude Oil,-0.941,-5.9
2025-02-27,74.04000091552734,7925,BZ=F,Brent Crude Oil,-0.324,-4.45
2025-02-28,73.18000030517578,36432,BZ=F,Brent Crude Oil,-0.675,-4.44
2025-03-03,71.62000274658203,51816,BZ=F,Brent Crude Oil,-1.287,-6.83
2025-03-04,71.04000091552734,58867,BZ=F,Brent Crude Oil,-1.482,-7.45
2025-03-05,69.30000305175781,51721,BZ=F,Brent Crude Oil,-2.097,-8.77
2025-03-06,69.45999908447266,49024,BZ=F,Brent Crude Oil,-1.969,-8.85
2025-03-07,70.36000061035156,46468,BZ=F,Brent Crude Oil,-1.582,-5.7
2025-03-10,69.27999877929688,33488,BZ=F,Brent Crude Oil,-1.951,-6.74
2025-03-11,69.55999755859375,26933,BZ=F,Brent Crude Oil,-1.823,-6.83
2025-03-12,70.94999694824219,30577,BZ=F,Brent Crude Oil,-1.298,-6.48
2025-03-13,69.87999725341797,33450,BZ=F,Brent Crude Oil,-1.65,-9.25
2025-03-14,70.58000183105469,24740,BZ=F,Brent Crude Oil,-1.376,-6.12
2025-03-17,71.06999969482422,29314,BZ=F,Brent Crude Oil,-1.176,-5.27
2025-03-18,70.55999755859375,32008,BZ=F,Brent Crude Oil,-1.325,-5.59
2025-03-19,70.77999877929688,26898,BZ=F,Brent Crude Oil,-1.222,-6.67
2025-03-20,72.0,33049,BZ=F,Brent Crude Oil,-0.782,-5.31
2025-03-21,72.16000366210938,23983,BZ=F,Brent Crude Oil,-0.718,-5.65
2025-03-24,73.0,31456,BZ=F,Brent Crude Oil,-0.434,-1.92
2025-03-25,73.0199966430664,30415,BZ=F,Brent Crude Oil,-0.433,-2.35
2025-03-26,73.79000091552734,27419,BZ=F,Brent Crude Oil,-0.172,1.05
2025-03-27,74.02999877929688,19183,BZ=F,Brent Crude Oil,-0.094,2.07
2025-03-28,73.62999725341797,12292,BZ=F,Brent Crude Oil,-0.245,-0.55
2025-03-31,74.73999786376953,53426,BZ=F,Brent Crude Oil,0.139,2.13
2025-04-01,74.48999786376953,54055,BZ=F,Brent Crude Oil,0.047,4.01
2025-04-02,74.94999694824219,61062,BZ=F,Brent Crude Oil,0.2,5.5
2025-04-03,70.13999938964844,100212,BZ=F,Brent Crude Oil,-1.46,1.21
2025-04-04,65.58000183105469,121211,BZ=F,Brent Crude Oil,-2.867,-5.59
2025-04-07,64.20999908447266,114411,BZ=F,Brent Crude Oil,-3.106,-8.74
2025-04-08,62.81999969482422,89690,BZ=F,Brent Crude Oil,-3.287,-9.32
2025-04-09,65.4800033569336,127044,BZ=F,Brent Crude Oil,-2.402,-5.87
2025-04-10,63.33000183105469,78111,BZ=F,Brent Crude Oil,-2.843,-10.74
2025-04-11,64.76000213623047,58543,BZ=F,Brent Crude Oil,-2.36,-7.33
2025-04-14,64.87999725341797,43786,BZ=F,Brent Crude Oil,-2.237,-8.08
2025-04-15,64.66999816894531,40096,BZ=F,Brent Crude Oil,-2.206,-9.01
2025-04-16,65.8499984741211,50308,BZ=F,Brent Crude Oil,-1.861,-6.68
2025-04-17,67.95999908447266,39781,BZ=F,Brent Crude Oil,-1.328,-3.98
2025-04-21,66.26000213623047,38512,BZ=F,Brent Crude Oil,-1.695,-7.97
2025-04-22,67.44000244140625,46152,BZ=F,Brent Crude Oil,-1.388,-6.54
2025-04-23,66.12000274658203,58914,BZ=F,Brent Crude Oil,-1.652,-9.42
2025-04-24,66.55000305175781,36169,BZ=F,Brent Crude Oil,-1.515,-8.86
2025-04-25,66.87000274658203,30729,BZ=F,Brent Crude Oil,-1.407,-9.38
2025-04-28,65.86000061035156,21525,BZ=F,Brent Crude Oil,-1.592,-11.04
2025-04-29,64.25,17528,BZ=F,Brent Crude Oil,-1.888,-12.74
2025-04-30,63.119998931884766,79025,BZ=F,Brent Crude Oil,-2.058,-15.55
2025-05-01,62.130001068115234,66984,BZ=F,Brent Crude Oil,-2.182,-16.59
2025-05-02,61.290000915527344,58444,BZ=F,Brent Crude Oil,-2.26,-18.23
2025-05-05,60.22999954223633,49504,BZ=F,Brent Crude Oil,-2.366,-14.13
2025-05-06,62.150001525878906,63444,BZ=F,Brent Crude Oil,-1.927,-5.23
2025-05-07,61.119998931884766,60579,BZ=F,Brent Crude Oil,-2.047,-4.81
2025-05-08,62.84000015258789,56931,BZ=F,Brent Crude Oil,-1.679,0.03
2025-05-09,63.90999984741211,51994,BZ=F,Brent Crude Oil,-1.446,-2.4
2025-05-12,64.95999908447266,62946,BZ=F,Brent Crude Oil,-1.228,2.57
2025-05-13,66.62999725341797,55567,BZ=F,Brent Crude Oil,-0.908,2.89
2025-05-14,66.08999633789062,49980,BZ=F,Brent Crude Oil,-0.983,1.86
2025-05-15,64.52999877929688,70642,BZ=F,Brent Crude Oil,-1.233,-0.22
2025-05-16,65.41000366210938,38629,BZ=F,Brent Crude Oil,-1.052,-0.67
2025-05-19,65.54000091552734,43539,BZ=F,Brent Crude Oil,-1.007,-3.56
2025-05-20,65.37999725341797,42663,BZ=F,Brent Crude Oil,-1.012,-1.33
2025-05-21,64.91000366210938,58658,BZ=F,Brent Crude Oil,-1.074,-3.75
2025-05-22,64.44000244140625,45811,BZ=F,Brent Crude Oil,-1.138,-2.54
2025-05-23,64.77999877929688,29810,BZ=F,Brent Crude Oil,-1.056,-2.66
2025-05-27,64.08999633789062,34117,BZ=F,Brent Crude Oil,-1.167,-4.16
2025-05-28,64.9000015258789,17817,BZ=F,Brent Crude Oil,-1.0,-1.46
2025-05-29,64.1500015258789,10456,BZ=F,Brent Crude Oil,-1.126,-0.16
2025-05-30,63.900001525878906,63546,BZ=F,Brent Crude Oil,-1.153,1.24
2025-06-02,64.62999725341797,57349,BZ=F,Brent Crude Oil,-0.993,4.02
2025-06-03,65.62999725341797,43536,BZ=F,Brent Crude Oil,-0.778,7.08
2025-06-04,64.86000061035156,56182,BZ=F,Brent Crude Oil,-0.914,7.69
2025-06-05,65.33999633789062,38658,BZ=F,Brent Crude Oil,-0.799,5.13
2025-06-06,66.47000122070312,39490,BZ=F,Brent Crude Oil,-0.55,8.75
2025-06-09,67.04000091552734,35213,BZ=F,Brent Crude Oil,-0.415,6.68
2025-06-10,66.87000274658203,40266,BZ=F,Brent Crude Oil,-0.434,4.63
2025-06-11,69.7699966430664,58118,BZ=F,Brent Crude Oil,0.205,7.4
2025-06-12,69.36000061035156,60336,BZ=F,Brent Crude Oil,0.134,4.1
2025-06-13,74.2300033569336,175031,BZ=F,Brent Crude Oil,1.218,12.32
2025-06-16,73.2300033569336,100509,BZ=F,Brent Crude Oil,1.004,13.48
2025-06-17,76.44999694824219,88748,BZ=F,Brent Crude Oil,1.702,16.88
2025-06-18,76.69999694824219,0,BZ=F,Brent Crude Oil,1.738,17.03
2025-06-20,77.01000213623047,98821,BZ=F,Brent Crude Oil,1.795,17.79
2025-06-23,71.4800033569336,100475,BZ=F,Brent Crude Oil,0.613,10.12
2025-06-24,67.13999938964844,62358,BZ=F,Brent Crude Oil,-0.332,4.19
2025-06-25,67.68000030517578,23618,BZ=F,Brent Crude Oil,-0.195,4.48
2025-06-26,67.7300033569336,13057,BZ=F,Brent Crude Oil,-0.168,5.68
2025-06-27,67.7699966430664,8218,BZ=F,Brent Crude Oil,-0.141,4.42
2025-06-30,67.61000061035156,32957,BZ=F,Brent Crude Oil,-0.159,5.39
2025-07-01,67.11000061035156,29256,BZ=F,Brent Crude Oil,-0.259,5.02
2025-07-02,69.11000061035156,50268,BZ=F,Brent Crude Oil,0.244,6.93
2025-07-03,68.80000305175781,0,BZ=F,Brent Crude Oil,0.187,4.83
2025-07-04,68.29000091552734,0,BZ=F,Brent Crude Oil,0.073,5.29
2025-07-07,69.58000183105469,59456,BZ=F,Brent Crude Oil,0.409,6.49
2025-07-08,70.1500015258789,34109,BZ=F,Brent Crude Oil,0.571,5.54
2025-07-09,70.19000244140625,42186,BZ=F,Brent Crude Oil,0.595,4.7
2025-07-10,68.63999938964844,52295,BZ=F,Brent Crude Oil,0.204,2.65
2025-07-11,70.36000061035156,40262,BZ=F,Brent Crude Oil,0.653,0.85
2025-07-14,69.20999908447266,62179,BZ=F,Brent Crude Oil,0.354,-0.22
2025-07-15,68.70999908447266,51233,BZ=F,Brent Crude Oil,0.227,-7.44
2025-07-16,68.5199966430664,55511,BZ=F,Brent Crude Oil,0.183,-6.43
2025-07-17,69.5199966430664,50817,BZ=F,Brent Crude Oil,0.443,-9.06
2025-07-18,69.27999877929688,52366,BZ=F,Brent Crude Oil,0.381,-9.67
2025-07-21,69.20999908447266,41204,BZ=F,Brent Crude Oil,0.369,-10.13
2025-07-22,68.58999633789062,50140,BZ=F,Brent Crude Oil,0.211,-4.04
2025-07-23,68.51000213623047,37734,BZ=F,Brent Crude Oil,0.197,2.04
2025-07-24,69.18000030517578,39597,BZ=F,Brent Crude Oil,0.38,2.22
2025-07-25,68.44000244140625,27384,BZ=F,Brent Crude Oil,0.191,1.05
2025-07-28,70.04000091552734,31485,BZ=F,Brent Crude Oil,0.618,3.35
2025-07-29,72.51000213623047,24345,BZ=F,Brent Crude Oil,1.268,7.25
2025-07-30,73.23999786376953,15242,BZ=F,Brent Crude Oil,1.452,9.13
2025-07-31,72.52999877929688,56020,BZ=F,Brent Crude Oil,1.269,4.95
2025-08-01,69.66999816894531,68855,BZ=F,Brent Crude Oil,0.529,1.26
2025-08-04,68.76000213623047,41788,BZ=F,Brent Crude Oil,0.306,0.69
2025-08-05,67.63999938964844,47388,BZ=F,Brent Crude Oil,0.023,-2.79
2025-08-06,66.88999938964844,62159,BZ=F,Brent Crude Oil,-0.165,-4.65
2025-08-07,66.43000030517578,44063,BZ=F,Brent Crude Oil,-0.275,-5.36
2025-08-08,66.58999633789062,52157,BZ=F,Brent Crude Oil,-0.209,-2.99
2025-08-11,66.62999725341797,31132,BZ=F,Brent Crude Oil,-0.175,-5.3
2025-08-12,66.12000274658203,33110,BZ=F,Brent Crude Oil,-0.316,-4.46
2025-08-13,65.62999725341797,40497,BZ=F,Brent Crude Oil,-0.465,-4.48
2025-08-14,66.83999633789062,34810,BZ=F,Brent Crude Oil,-0.108,-2.45
2025-08-15,65.8499984741211,35864,BZ=F,Brent Crude Oil,-0.423,-5.28
2025-08-18,66.5999984741211,35004,BZ=F,Brent Crude Oil,-0.197,-3.87
2025-08-19,65.79000091552734,32562,BZ=F,Brent Crude Oil,-0.458,-4.94
2025-08-20,66.83999633789062,39505,BZ=F,Brent Crude Oil,-0.14,-2.55
2025-08-21,67.66999816894531,29950,BZ=F,Brent Crude Oil,0.108,-1.23
2025-08-22,67.7300033569336,27481,BZ=F,Brent Crude Oil,0.117,-2.1
2025-08-25,68.80000305175781,19094,BZ=F,Brent Crude Oil,0.442,0.53
2025-08-26,67.22000122070312,21046,BZ=F,Brent Crude Oil,-0.05,-4.03
2025-08-27,68.05000305175781,16597,BZ=F,Brent Crude Oil,0.203,-6.15
2025-08-28,68.62000274658203,8829,BZ=F,Brent Crude Oil,0.377,-6.31
2025-08-29,68.12000274658203,0,BZ=F,Brent Crude Oil,0.214,-6.08
2025-09-02,69.13999938964844,55307,BZ=F,Brent Crude Oil,0.524,-0.76
2025-09-03,67.5999984741211,45108,BZ=F,Brent Crude Oil,0.04,-1.69
2025-09-04,66.98999786376953,42152,BZ=F,Brent Crude Oil,-0.155,-0.96
2025-09-05,65.5,38287,BZ=F,Brent Crude Oil,-0.629,-2.08
2025-09-08,66.0199966430664,29078,BZ=F,Brent Crude Oil,-0.48,-0.62
2025-09-09,66.38999938964844,38860,BZ=F,Brent Crude Oil,-0.383,-0.3
2025-09-10,67.48999786376953,38789,BZ=F,Brent Crude Oil,-0.052,1.29
2025-09-11,66.37000274658203,34565,BZ=F,Brent Crude Oil,-0.46,0.38
2025-09-12,66.98999786376953,50762,BZ=F,Brent Crude Oil,-0.272,2.07
2025-09-15,67.44000244140625,26320,BZ=F,Brent Crude Oil,-0.144,0.9
2025-09-16,68.47000122070312,34128,BZ=F,Brent Crude Oil,0.208,3.98
2025-09-17,67.94999694824219,30515,BZ=F,Brent Crude Oil,0.001,2.03
2025-09-18,67.44000244140625,29610,BZ=F,Brent Crude Oil,-0.2,2.51
2025-09-19,66.68000030517578,24400,BZ=F,Brent Crude Oil,-0.484,-0.24
2025-09-22,66.56999969482422,23634,BZ=F,Brent Crude Oil,-0.528,-1.63
2025-09-23,67.62999725341797,27893,BZ=F,Brent Crude Oil,-0.146,-0.15
2025-09-24,69.30999755859375,28459,BZ=F,Brent Crude Oil,0.475,0.74
2025-09-25,69.41999816894531,21388,BZ=F,Brent Crude Oil,0.502,3.27
2025-09-26,70.12999725341797,11917,BZ=F,Brent Crude Oil,0.755,3.06
2025-09-29,67.97000122070312,8229,BZ=F,Brent Crude Oil,-0.084,-0.95
2025-09-30,67.0199966430664,46335,BZ=F,Brent Crude Oil,-0.467,-1.61
2025-10-01,65.3499984741211,44601,BZ=F,Brent Crude Oil,-1.123,-5.48
2025-10-02,64.11000061035156,52074,BZ=F,Brent Crude Oil,-1.608,-5.16
2025-10-03,64.52999877929688,38970,BZ=F,Brent Crude Oil,-1.439,-3.67
2025-10-06,65.47000122070312,38055,BZ=F,Brent Crude Oil,-1.087,-0.05
2025-10-07,65.44999694824219,36191,BZ=F,Brent Crude Oil,-1.112,-0.86
2025-10-08,66.25,38630,BZ=F,Brent Crude Oil,-0.808,-0.21
2025-10-09,65.22000122070312,40845,BZ=F,Brent Crude Oil,-1.216,-3.36
2025-10-10,62.72999954223633,54929,BZ=F,Brent Crude Oil,-2.164,-5.48
2025-10-13,63.31999969482422,35368,BZ=F,Brent Crude Oil,-1.898,-5.48
2025-10-14,62.38999938964844,44016,BZ=F,Brent Crude Oil,-2.185,-7.49
2025-10-15,61.90999984741211,40209,BZ=F,Brent Crude Oil,-2.277,-9.58
2025-10-16,61.060001373291016,46229,BZ=F,Brent Crude Oil,-2.477,-10.14
2025-10-17,61.290000915527344,50372,BZ=F,Brent Crude Oil,-2.295,-9.12
2025-10-20,61.0099983215332,33883,BZ=F,Brent Crude Oil,-2.291,-8.5
2025-10-21,61.31999969482422,45150,BZ=F,Brent Crude Oil,-2.139,-7.89
2025-10-22,62.59000015258789,46114,BZ=F,Brent Crude Oil,-1.681,-7.45
2025-10-23,65.98999786376953,87705,BZ=F,Brent Crude Oil,-0.528,-4.79
2025-10-24,65.94000244140625,38354,BZ=F,Brent Crude Oil,-0.536,-5.01
2025-10-27,65.62000274658203,32237,BZ=F,Brent Crude Oil,-0.658,-6.43
2025-10-28,64.4000015258789,33807,BZ=F,Brent Crude Oil,-1.133,-5.25
2025-10-29,64.91999816894531,16478,BZ=F,Brent Crude Oil,-0.905,-3.13
2025-10-30,65.0,10024,BZ=F,Brent Crude Oil,-0.857,-0.54
2025-10-31,65.06999969482422,44972,BZ=F,Brent Crude Oil,-0.814,1.5
2025-11-03,64.88999938964844,0,BZ=F,Brent Crude Oil,-0.87,0.56
2025-11-04,64.44000244140625,36655,BZ=F,Brent Crude Oil,-1.032,-1.57
2025-11-05,63.52000045776367,42320,BZ=F,Brent Crude Oil,-1.37,-2.95
2025-11-06,63.380001068115234,43138,BZ=F,Brent Crude Oil,-1.391,-4.33
2025-11-07,63.630001068115234,36620,BZ=F,Brent Crude Oil,-1.262,-2.44
2025-11-10,64.05999755859375,30891,BZ=F,Brent Crude Oil,-1.07,2.12
2025-11-11,65.16000366210938,41959,BZ=F,Brent Crude Oil,-0.624,2.91
2025-11-12,62.709999084472656,42279,BZ=F,Brent Crude Oil,-1.546,0.51
2025-11-13,63.0099983215332,36603,BZ=F,Brent Crude Oil,-1.398,1.78
2025-11-14,64.38999938964844,58912,BZ=F,Brent Crude Oil,-0.84,5.45
2025-11-17,64.19999694824219,33667,BZ=F,Brent Crude Oil,-0.895,4.75
2025-11-18,64.88999938964844,36791,BZ=F,Brent Crude Oil,-0.608,6.36
2025-11-19,63.5099983215332,38776,BZ=F,Brent Crude Oil,-1.127,3.57
2025-11-20,63.380001068115234,42345,BZ=F,Brent Crude Oil,-1.152,1.26
2025-11-21,62.560001373291016,43029,BZ=F,Brent Crude Oil,-1.439,-5.2
2025-11-24,63.369998931884766,30888,BZ=F,Brent Crude Oil,-1.098,-3.9
2025-11-25,62.47999954223633,26580,BZ=F,Brent Crude Oil,-1.412,-4.79
2025-11-26,63.130001068115234,21288,BZ=F,Brent Crude Oil,-1.133,-1.97
2025-11-28,63.20000076293945,31795,BZ=F,Brent Crude Oil,-1.081,-2.65
2025-12-01,63.16999816894531,31203,BZ=F,Brent Crude Oil,-1.069,-2.82
2025-12-02,62.45000076293945,39539,BZ=F,Brent Crude Oil,-1.318,-4.03
2025-12-03,62.66999816894531,40622,BZ=F,Brent Crude Oil,-1.209,-3.42
2025-12-04,63.2599983215332,32164,BZ=F,Brent Crude Oil,-0.973,-1.83
2025-12-05,63.75,26349,BZ=F,Brent Crude Oil,-0.771,0.36
2025-12-08,62.4900016784668,38815,BZ=F,Brent Crude Oil,-1.319,-1.4
2025-12-09,61.939998626708984,32575,BZ=F,Brent Crude Oil,-1.537,-2.66
2025-12-10,62.209999084472656,45191,BZ=F,Brent Crude Oil,-1.386,-2.89
2025-12-11,61.279998779296875,48635,BZ=F,Brent Crude Oil,-1.754,-5.95
2025-12-12,61.119998931884766,42931,BZ=F,Brent Crude Oil,-1.77,-2.54
2025-12-15,60.560001373291016,42976,BZ=F,Brent Crude Oil,-1.948,-3.89
2025-12-16,58.91999816894531,48212,BZ=F,Brent Crude Oil,-2.527,-8.5
2025-12-17,59.68000030517578,50078,BZ=F,Brent Crude Oil,-2.128,-7.04
2025-12-18,59.81999969482422,31064,BZ=F,Brent Crude Oil,-1.998,-7.81
2025-12-19,60.470001220703125,36104,BZ=F,Brent Crude Oil,-1.69,-4.79
2025-12-22,62.06999969482422,35138,BZ=F,Brent Crude Oil,-1.041,-2.07
2025-12-23,62.380001068115234,26231,BZ=F,Brent Crude Oil,-0.902,-0.29
2025-12-24,62.2400016784668,14966,BZ=F,Brent Crude Oil,-0.936,-1.78
2025-12-26,60.63999938964844,9687,BZ=F,Brent Crude Oil,-1.516,-2.94
2025-12-29,61.939998626708984,9170,BZ=F,Brent Crude Oil,-0.995,-1.89
2025-12-30,61.91999816894531,30567,BZ=F,Brent Crude Oil,-0.981,-2.03
2025-12-31,60.849998474121094,30919,BZ=F,Brent Crude Oil,-1.36,-3.67
2026-01-02,60.75,33381,BZ=F,Brent Crude Oil,-1.372,-2.72
2026-01-05,61.7599983215332,45681,BZ=F,Brent Crude Oil,-0.961,-1.45
2026-01-06,60.70000076293945,48263,BZ=F,Brent Crude Oil,-1.341,-4.05
2026-01-07,59.959999084472656,71788,BZ=F,Brent Crude Oil,-1.594,-5.95
2026-01-08,61.9900016784668,64136,BZ=F,Brent Crude Oil,-0.789,-0.8
2026-01-09,63.34000015258789,56568,BZ=F,Brent Crude Oil,-0.24,2.26
2026-01-12,63.869998931884766,56900,BZ=F,Brent Crude Oil,-0.011,2.67
2026-01-13,65.47000122070312,80180,BZ=F,Brent Crude Oil,0.649,6.84
2026-01-14,66.5199966430664,96568,BZ=F,Brent Crude Oil,1.07,8.84
2026-01-15,63.7599983215332,54944,BZ=F,Brent Crude Oil,-0.044,5.28
2026-01-16,64.12999725341797,35235,BZ=F,Brent Crude Oil,0.118,8.84
2026-01-20,64.91999816894531,78657,BZ=F,Brent Crude Oil,0.46,8.78
2026-01-21,65.23999786376953,52906,BZ=F,Brent Crude Oil,0.601,9.06
2026-01-22,64.05999755859375,49453,BZ=F,Brent Crude Oil,0.123,5.94
2026-01-23,65.87999725341797,34015,BZ=F,Brent Crude Oil,0.907,6.14
2026-01-26,65.58999633789062,25795,BZ=F,Brent Crude Oil,0.813,5.15
2026-01-27,67.56999969482422,34327,BZ=F,Brent Crude Oil,1.681,8.56
2026-01-28,68.4000015258789,23555,BZ=F,Brent Crude Oil,2.021,12.8
2026-01-29,70.70999908447266,26980,BZ=F,Brent Crude Oil,2.882,14.16
2026-01-30,70.69000244140625,85305,BZ=F,Brent Crude Oil,2.751,14.16
2026-02-02,66.30000305175781,80104,BZ=F,Brent Crude Oil,1.007,8.96
2026-02-03,67.33000183105469,83736,BZ=F,Brent Crude Oil,1.456,10.83
2026-02-04,69.45999908447266,98236,BZ=F,Brent Crude Oil,2.328,12.47
2026-02-05,67.55000305175781,65248,BZ=F,Brent Crude Oil,1.597,11.29
2026-02-06,68.05000305175781,79538,BZ=F,Brent Crude Oil,1.805,13.49
2026-02-09,69.04000091552734,51346,BZ=F,Brent Crude Oil,2.175,11.37
2026-02-10,68.80000305175781,45779,BZ=F,Brent Crude Oil,2.017,8.62
2026-02-11,69.4000015258789,49482,BZ=F,Brent Crude Oil,2.175,8.66
2026-02-12,67.5199966430664,48058,BZ=F,Brent Crude Oil,1.407,3.13
2026-02-13,67.75,42167,BZ=F,Brent Crude Oil,1.471,1.85
2026-02-17,67.41999816894531,74745,BZ=F,Brent Crude Oil,1.325,5.74
2026-02-18,70.3499984741211,56115,BZ=F,Brent Crude Oil,2.359,9.7
2026-02-19,71.66000366210938,73081,BZ=F,Brent Crude Oil,2.702,10.38
2026-02-20,71.76000213623047,40579,BZ=F,Brent Crude Oil,2.6,9.99
2026-02-23,71.48999786376953,28933,BZ=F,Brent Crude Oil,2.395,11.6
2026-02-24,70.7699966430664,37988,BZ=F,Brent Crude Oil,2.078,7.42
2026-02-25,70.8499984741211,18491,BZ=F,Brent Crude Oil,2.03,8.02
2026-02-26,70.75,17725,BZ=F,Brent Crude Oil,1.934,4.71
2026-02-27,72.4800033569336,79435,BZ=F,Brent Crude Oil,2.371,5.96
2026-03-02,77.73999786376953,143671,BZ=F,Brent Crude Oil,3.635,9.94
2026-03-03,81.4000015258789,229556,BZ=F,Brent Crude Oil,4.153,15.15
2026-03-04,81.4000015258789,152390,BZ=F,Brent Crude Oil,3.764,22.78
2026-03-05,85.41000366210938,146018,BZ=F,Brent Crude Oil,4.168,26.85
2026-03-06,92.69000244140625,197523,BZ=F,Brent Crude Oil,4.828,33.44
2026-03-09,98.95999908447266,235965,BZ=F,Brent Crude Oil,4.987,46.5
2026-03-10,87.80000305175781,144614,BZ=F,Brent Crude Oil,3.072,29.02
2026-03-11,91.9800033569336,101940,BZ=F,Brent Crude Oil,3.386,33.23
2026-03-12,100.45999908447266,92219,BZ=F,Brent Crude Oil,4.037,46.02
2026-03-13,98.91000366210938,71950,BZ=F,Brent Crude Oil,3.526,42.52
